sender,sender_name,text,category,important
priya@company.example,Ben,weekly digest: 14 updates in your workspace this week.,work,0
billing@utility.example,Billing,Your receipt from ShopWave: total $2328.15. Thanks for shopping with us!,bill,0
+15552976225,Rosa,"Uncle Ray is in the hospital, nothing serious but please call when you see this",personal,1
priya@company.example,Rosa,reminder: the office kitchen will be cleaned wednesday. please remove your food.,work,0
+15554015985,Grandma,"dad is in the hospital, nothing serious but please call when you see this",personal,1
notifications@social.example,Social,Chris sent you a message: 'can you call me back? it's important',social,1
+15559332820,Rosa,ok sounds good 👍,personal,0
+18888476611,Unknown,Your package is on hold. Update your address at tinyurl.com/redeliver778563,scam,0
omar@company.example,Elena,"thanks fatima, got it!",work,0
notifications@social.example,Social,you have 5 new notifications. see what you missed.,social,0
+15554891590,Dad,happy birthday!! hope you have an amazing day 🎉,personal,0
rosa@company.example,Grace,Could you review my pull request by Wednesday? It's blocking the release.,work,1
+15559078612,Mom,Happy birthday!! Hope you have an amazing day 🎉,personal,0
billing@utility.example,Billing,thanks for your payment of $676.14. your balance is $0.00.,bill,0
+15555232182,Leo,"Hey it's Dad, can you call me Tuesday? Need to talk about something.",personal,1
no-reply@shipping.example,Shipping,your freshcart order was delivered. enjoy!,delivery,0
+15559862688,Leo,lol did you see that video Grace posted,personal,0
+15554737842,Isaac,"Isaac says hi, we're watching the game",personal,0
reminders@clinic.example,Reminders,Your flight tomorrow has been delayed to 2pm. Check the app for gate info.,appointment,1
billing@utility.example,Billing,Final notice: your account balance of $805.88 is overdue.,bill,1
notifications@social.example,Social,leo commented on your post: 'so cool!',social,0
no-reply@shipping.example,Shipping,Delivery attempt failed - signature required. Reschedule by Monday or it will be returned.,delivery,1
billing@utility.example,Billing,Your credit card statement is ready. Minimum payment $1373.11 due Wednesday.,bill,1
+15558958388,Dad,Would you be able to help me move Wednesday? Starting around 9am.,personal,1
billing@utility.example,Billing,Final notice: your account balance of $432.67 is overdue.,bill,1
elena@company.example,Jordan,Quick question - did you get a chance to review the onboarding doc? Client is asking Friday.,work,1
notifications@social.example,Social,You have 5 new notifications. See what you missed.,social,0
no-reply@shipping.example,Shipping,your urbanthreads order was delivered. enjoy!,delivery,0
deals@shopwave.example,StyleBox,your weekly newsletter: 7 stories you missed. view in browser.,promo,0
alerts@bank.example,Bank Alerts,"unusual sign-in to your account from a new device. if this wasn't you, secure your account now.",security,1
reminders@clinic.example,Reminders,Reminder: your appointment with Dr. Isaac is tonight at 2pm. Reply C to confirm.,appointment,1
billing@utility.example,Billing,Your receipt from ShopWave: total $997.54. Thanks for shopping with us!,bill,0
+18882579162,Unknown,Congratulations! You won a $1048.17 gift card. Claim now at bit.ly/claim-330254,scam,0
billing@utility.example,Billing,Thanks for your payment of $1779.65. Your balance is $0.00.,bill,0
billing@utility.example,Billing,final notice: your account balance of $2281.58 is overdue.,bill,1
billing@utility.example,Billing,your payment of $948.13 is past due. pay by friday to avoid a late fee.,bill,1
notifications@social.example,Social,Sam sent you a message: 'can you call me back? it's important',social,1
no-reply@shipping.example,Shipping,Your order from GadgetHub has shipped and arrives tomorrow.,delivery,0
grace@company.example,Isaac,FYI - I updated the contract. No action needed on your end.,work,0
billing@utility.example,Billing,your receipt from stylebox: total $988.14. thanks for shopping with us!,bill,0
alex@company.example,Nina,Quick question - did you get a chance to review the client proposal? Client is asking Friday.,work,1
+15557594889,Mei,Can you pick up the kids at 7:30pm Thursday? I'm stuck at work.,personal,1
alex@company.example,Priya,Reminder: the office kitchen will be cleaned tomorrow. Please remove your food.,work,0
deals@gadgethub.example,ShopWave,urgent: only hours left! 50% off everything at shopwave. shop now.,promo,0
alerts@bank.example,Bank Alerts,"Your password was changed. If you didn't do this, contact us immediately.",security,1
+15554371885,Chris,can you pick up the kids at noon tomorrow? i'm stuck at work.,personal,1
reminders@clinic.example,Reminders,reminder: your appointment with dr. alex is friday at 10:30am. reply c to confirm.,appointment,1
elena@company.example,Jordan,Reminder: the office kitchen will be cleaned Wednesday. Please remove your food.,work,0
+18884857765,Unknown,IRS notice: you owe $2077.72. Pay with gift cards immediately to avoid arrest.,scam,0
+15559916148,Dad,would you be able to help me move wednesday? starting around 4pm.,personal,1
diego@company.example,Nina,Are you available for a quick call at 7:30pm Monday to go over the budget sheet?,work,1
+18882287481,Unknown,Your package is on hold. Update your address at tinyurl.com/redeliver617942,scam,0
alerts@bank.example,Bank Alerts,Your verification code is 783183. It expires in 10 minutes.,security,0
taylor@company.example,Diego,reminder: the office kitchen will be cleaned wednesday. please remove your food.,work,0
diego@company.example,Alex,"Thanks Mei, got it!",work,0
mei@company.example,Nina,"thanks hannah, got it!",work,0
billing@utility.example,Billing,Rent of $1507.29 is due Friday. Please pay through the resident portal.,bill,1
+15556558700,Alex,ok sounds good 👍,personal,0
fatima@company.example,Fatima,Weekly digest: 14 updates in your workspace this week.,work,0
no-reply@shipping.example,Shipping,Out for delivery: your package arrives today by 3:15pm.,delivery,0
deals@shopwave.example,HomeNest,URGENT: only hours left! 50% off everything at StyleBox. Shop now.,promo,0
billing@utility.example,Billing,Thanks for your payment of $1694.57. Your balance is $0.00.,bill,0
alerts@bank.example,Bank Alerts,use 412236 as your login code. don't share it with anyone.,security,0
notifications@social.example,Social,you have 5 new notifications. see what you missed.,social,0
+15554228055,Chris,ok sounds good 👍,personal,0
+15557925327,Fatima,Would you be able to help me move Tuesday? Starting around 4pm.,personal,1
billing@utility.example,Billing,Your receipt from GadgetHub: total $266.63. Thanks for shopping with us!,bill,0
+15556234760,your brother,Happy birthday!! Hope you have an amazing day 🎉,personal,0
+15559856044,Hannah,Elena here - are you still coming to my place today at 7:30pm? Let me know.,personal,1
alerts@bank.example,Bank Alerts,"Unusual sign-in to your account from a new device. If this wasn't you, secure your account now.",security,1
deals@urbanthreads.example,HomeNest,UrbanThreads: your exclusive deal expires tonight. Use code SAVE20. Unsubscribe.,promo,0
kofi@company.example,Alex,interview request: are you available today at 10:30am for a 30 minute phone screen?,work,1
+15557909027,Grandma,"hey it's grandma, can you call me tonight? need to talk about something.",personal,1
deals@gadgethub.example,UrbanThreads,FreshCart: your exclusive deal expires tonight. Use code SAVE20. Unsubscribe.,promo,0
alerts@bank.example,Bank Alerts,use 935782 as your login code. don't share it with anyone.,security,0
reminders@clinic.example,Reminders,reminder: your appointment with dr. priya is tonight at 2pm. reply c to confirm.,appointment,1
fatima@company.example,Jordan,"thanks marcus, got it!",work,0
grace@company.example,Marcus,"Urgent: production dashboard is down, can you take a look ASAP?",work,1
+15557352179,your brother,Would you be able to help me move Thursday? Starting around noon.,personal,1
billing@utility.example,Billing,Rent of $332.35 is due Wednesday. Please pay through the resident portal.,bill,1
+15554283566,Leo,haha that's hilarious,personal,0
reminders@clinic.example,Reminders,Your flight tomorrow has been delayed to 4pm. Check the app for gate info.,appointment,1
notifications@social.example,Social,Fatima sent you a message: 'can you call me back? it's important',social,1
no-reply@shipping.example,Shipping,your stylebox order was delivered. enjoy!,delivery,0
notifications@social.example,Social,Kofi commented on your post: 'so cool!',social,0
elena@company.example,Kofi,Interview request: are you available tonight at noon for a 30 minute phone screen?,work,1
chris@company.example,Ben,Are you available for a quick call at 7:30pm tomorrow to go over your slides?,work,1
+15552617702,Ben,are we still on for dinner tomorrow? i made a reservation for noon.,personal,1
alerts@bank.example,Bank Alerts,Use 884310 as your login code. Don't share it with anyone.,security,0
notifications@social.example,Social,Marcus sent you a message: 'can you call me back? it's important',social,1
nina@company.example,Chris,quick question - did you get a chance to review your slides? client is asking wednesday.,work,1
reminders@clinic.example,Reminders,reminder: your appointment with dr. mei is tuesday at 7:30pm. reply c to confirm.,appointment,1
alerts@bank.example,Bank Alerts,"Unusual sign-in to your account from a new device. If this wasn't you, secure your account now.",security,1
jordan@company.example,Taylor,"Hi, can you send me the Q3 deck before the 9am meeting Friday? Thanks",work,1
priya@company.example,Taylor,Interview request: are you available Thursday at 9am for a 30 minute phone screen?,work,1
+15553746251,Fatima,Can you pick up the kids at 10:30am tonight? I'm stuck at work.,personal,1
deals@gadgethub.example,HomeNest,Don't miss out! Last chance to get $222.39 off your next order.,promo,0
fatima@company.example,Rosa,Quick question - did you get a chance to review the SQL query results? Client is asking today.,work,1
billing@utility.example,Billing,Rent of $223.70 is due Wednesday. Please pay through the resident portal.,bill,1
billing@utility.example,Billing,thanks for your payment of $1437.36. your balance is $0.00.,bill,0
+15557507801,Priya,are we still on for dinner tonight? i made a reservation for 2pm.,personal,1
notifications@social.example,Social,Kofi liked your photo.,social,0
no-reply@shipping.example,Shipping,Your order from FreshCart has shipped and arrives today.,delivery,0
+18886137420,Unknown,IRS notice: you owe $1608.76. Pay with gift cards immediately to avoid arrest.,scam,0
deals@stylebox.example,FreshCart,freshcart: your exclusive deal expires tonight. use code save20. unsubscribe.,promo,0
alerts@bank.example,Bank Alerts,"Your password was changed. If you didn't do this, contact us immediately.",security,1
billing@utility.example,Billing,Rent of $545.10 is due tonight. Please pay through the resident portal.,bill,1
+15559252208,Omar,would you be able to help me move today? starting around noon.,personal,1
+18888657169,Unknown,your package is on hold. update your address at tinyurl.com/redeliver743334,scam,0
+15554337695,Sam,"Nina says hi, we're watching the game",personal,0
billing@utility.example,Billing,Thanks for your payment of $703.33. Your balance is $0.00.,bill,0
deals@gadgethub.example,FreshCart,URGENT: only hours left! 50% off everything at GadgetHub. Shop now.,promo,0
billing@utility.example,Billing,Rent of $1823.29 is due tomorrow. Please pay through the resident portal.,bill,1
+15553505924,Omar,"your brother is in the hospital, nothing serious but please call when you see this",personal,1
no-reply@shipping.example,Shipping,delivery attempt failed - signature required. reschedule by tomorrow or it will be returned.,delivery,1
no-reply@shipping.example,Shipping,your order from stylebox has shipped and arrives tuesday.,delivery,0
billing@utility.example,Billing,rent of $69.31 is due tonight. please pay through the resident portal.,bill,1
deals@freshcart.example,StyleBox,URGENT: only hours left! 50% off everything at GadgetHub. Shop now.,promo,0
reminders@clinic.example,Reminders,meeting moved: team sync is now wednesday at 9am.,appointment,1
+15559694927,Kofi,ok sounds good 👍,personal,0
deals@homenest.example,FreshCart,stylebox: your exclusive deal expires tonight. use code save20. unsubscribe.,promo,0
notifications@social.example,Social,isaac liked your photo.,social,0
+15558315750,Dad,lol did you see that video Nina posted,personal,0
+18884402023,Unknown,Congratulations! You won a $2090.01 gift card. Claim now at bit.ly/claim-373016,scam,0
+15551107067,Alex,ok sounds good 👍,personal,0
billing@utility.example,Billing,your monthly statement is available. no payment is due.,bill,0
+15551715486,Grandma,haha that's hilarious,personal,0
+15554408466,Marcus,are we still on for dinner tomorrow? i made a reservation for 2pm.,personal,1
+15554439219,Omar,Can you pick up the kids at 3:15pm Tuesday? I'm stuck at work.,personal,1
grace@company.example,Kofi,Weekly digest: 14 updates in your workspace this week.,work,0
reminders@clinic.example,Reminders,Reminder: your appointment with Dr. Diego is Friday at 9am. Reply C to confirm.,appointment,1
+15555837452,Uncle Ray,"Uncle Ray is in the hospital, nothing serious but please call when you see this",personal,1
notifications@social.example,Social,Jordan started following you.,social,0
+18882356984,Unknown,Your account is suspended! Verify now: bit.ly/verify215262,scam,0
alerts@bank.example,Bank Alerts,use 881419 as your login code. don't share it with anyone.,security,0
deals@homenest.example,UrbanThreads,GadgetHub: your exclusive deal expires tonight. Use code SAVE20. Unsubscribe.,promo,0
alerts@bank.example,Bank Alerts,"Your password was changed. If you didn't do this, contact us immediately.",security,1
reminders@clinic.example,Reminders,Thanks for visiting! Rate your appointment with Dr. Grace.,appointment,0
deals@stylebox.example,StyleBox,GadgetHub: your exclusive deal expires tonight. Use code SAVE20. Unsubscribe.,promo,0
billing@utility.example,Billing,Final notice: your account balance of $428.21 is overdue.,bill,1
+15557515284,Hannah,"omar says hi, we're watching the game",personal,0
+15557789963,Alex,can you pick up the kids at 2pm today? i'm stuck at work.,personal,1
notifications@social.example,Social,you have 5 new notifications. see what you missed.,social,0
billing@utility.example,Billing,Your monthly statement is available. No payment is due.,bill,0
alerts@bank.example,Bank Alerts,Your verification code is 507590. It expires in 10 minutes.,security,0
+15558663575,Isaac,lol did you see that video Jordan posted,personal,0
sam@company.example,Fatima,"Urgent: production dashboard is down, can you take a look ASAP?",work,1
reminders@clinic.example,Reminders,reminder: your appointment with dr. marcus is tomorrow at 9am. reply c to confirm.,appointment,1
billing@utility.example,Billing,Your receipt from ShopWave: total $931.38. Thanks for shopping with us!,bill,0
+18884791429,Unknown,Your package is on hold. Update your address at tinyurl.com/redeliver591948,scam,0
+18886951653,Unknown,IRS notice: you owe $2257.83. Pay with gift cards immediately to avoid arrest.,scam,0
+18885717949,Unknown,Congratulations! You won a $773.61 gift card. Claim now at bit.ly/claim-944561,scam,0
billing@utility.example,Billing,Final notice: your account balance of $1998.54 is overdue.,bill,1
+15551251420,Dad,"Omar says hi, we're watching the game",personal,0
+15558582626,Leo,"hey it's mom, can you call me friday? need to talk about something.",personal,1
+18884575237,Unknown,Congratulations! You won a $382.85 gift card. Claim now at bit.ly/claim-306957,scam,0
reminders@clinic.example,Reminders,Meeting moved: team sync is now tonight at 10:30am.,appointment,1
alerts@bank.example,Bank Alerts,Your verification code is 358543. It expires in 10 minutes.,security,0
reminders@clinic.example,Reminders,your flight tomorrow has been delayed to noon. check the app for gate info.,appointment,1
alerts@bank.example,Bank Alerts,"Your password was changed. If you didn't do this, contact us immediately.",security,1
deals@urbanthreads.example,GadgetHub,Your weekly newsletter: 7 stories you missed. View in browser.,promo,0
+15555851102,Omar,lol did you see that video Leo posted,personal,0
billing@utility.example,Billing,final notice: your account balance of $1424.26 is overdue.,bill,1
fatima@company.example,Isaac,Quick question - did you get a chance to review the SQL query results? Client is asking Friday.,work,1
no-reply@shipping.example,Shipping,Your order from ShopWave has shipped and arrives Friday.,delivery,0
+15553917630,Marcus,"Uncle Ray is in the hospital, nothing serious but please call when you see this",personal,1
deals@homenest.example,GadgetHub,New arrivals just for you at ShopWave. Free shipping over $50.,promo,0
jordan@company.example,Marcus,Reminder: the office kitchen will be cleaned Monday. Please remove your food.,work,0
notifications@social.example,Social,Ben sent you a message: 'can you call me back? it's important',social,1
deals@shopwave.example,ShopWave,new arrivals just for you at shopwave. free shipping over $50.,promo,0
deals@urbanthreads.example,FreshCart,Your weekly newsletter: 7 stories you missed. View in browser.,promo,0
notifications@social.example,Social,Sam commented on your post: 'so cool!',social,0
kofi@company.example,Sam,Interview request: are you available Monday at 9am for a 30 minute phone screen?,work,1
+18883431128,Unknown,Your account is suspended! Verify now: bit.ly/verify592623,scam,0
+18886601669,Unknown,Your package is on hold. Update your address at tinyurl.com/redeliver385192,scam,0
fatima@company.example,Kofi,"Thanks Nina, got it!",work,0
notifications@social.example,Social,Chris sent you a message: 'can you call me back? it's important',social,1
no-reply@shipping.example,Shipping,Out for delivery: your package arrives Wednesday by noon.,delivery,0
reminders@clinic.example,Reminders,Your flight tomorrow has been delayed to 2pm. Check the app for gate info.,appointment,1
notifications@social.example,Social,taylor liked your photo.,social,0
billing@utility.example,Billing,thanks for your payment of $2085.75. your balance is $0.00.,bill,0
+15553499956,Chris,Would you be able to help me move Friday? Starting around 4pm.,personal,1
+15556786825,Nina,Can you pick up the kids at 4pm Tuesday? I'm stuck at work.,personal,1
reminders@clinic.example,Reminders,Meeting moved: team sync is now Tuesday at 9am.,appointment,1
alex@company.example,Jordan,FYI - I updated your slides. No action needed on your end.,work,0
+15554912579,Mom,Can you pick up the kids at 7:30pm tonight? I'm stuck at work.,personal,1
+15555292655,Leo,would you be able to help me move wednesday? starting around 7:30pm.,personal,1
+15551096930,Taylor,"Mom is in the hospital, nothing serious but please call when you see this",personal,1
deals@freshcart.example,FreshCart,your weekly newsletter: 7 stories you missed. view in browser.,promo,0
+15557259502,Aunt Lisa,ok sounds good 👍,personal,0
+15559011763,Marcus,Happy birthday!! Hope you have an amazing day 🎉,personal,0
deals@freshcart.example,UrbanThreads,URGENT: only hours left! 50% off everything at HomeNest. Shop now.,promo,0
nina@company.example,Diego,FYI - I updated the contract. No action needed on your end.,work,0
+15555802195,Marcus,lol did you see that video Grace posted,personal,0
sam@company.example,Jordan,Interview request: are you available today at 3:15pm for a 30 minute phone screen?,work,1
+18889834658,Unknown,your account is suspended! verify now: bit.ly/verify564527,scam,0
mei@company.example,Chris,"Thanks Sam, got it!",work,0
notifications@social.example,Social,sam liked your photo.,social,0
no-reply@shipping.example,Shipping,Delivery attempt failed - signature required. Reschedule by Friday or it will be returned.,delivery,1
+15558996261,Elena,"your brother is in the hospital, nothing serious but please call when you see this",personal,1
deals@shopwave.example,GadgetHub,New arrivals just for you at ShopWave. Free shipping over $50.,promo,0
reminders@clinic.example,Reminders,Meeting moved: team sync is now Tuesday at 10:30am.,appointment,1
+15552486229,Chris,"your brother is in the hospital, nothing serious but please call when you see this",personal,1
no-reply@shipping.example,Shipping,Delivery attempt failed - signature required. Reschedule by Tuesday or it will be returned.,delivery,1
notifications@social.example,Social,You have 5 new notifications. See what you missed.,social,0
+15557805686,Elena,lol did you see that video sam posted,personal,0
reminders@clinic.example,Reminders,Your flight tomorrow has been delayed to noon. Check the app for gate info.,appointment,1
+15556621752,Grandma,Fatima here - are you still coming to my place today at 9am? Let me know.,personal,1
billing@utility.example,Billing,Your monthly statement is available. No payment is due.,bill,0
mei@company.example,Alex,Are you available for a quick call at 4pm Monday to go over the budget sheet?,work,1
kofi@company.example,Nina,Could you review my pull request by today? It's blocking the release.,work,1
deals@shopwave.example,GadgetHub,urgent: only hours left! 50% off everything at gadgethub. shop now.,promo,0
+15553489861,Hannah,haha that's hilarious,personal,0
+15555817869,your brother,haha that's hilarious,personal,0
alerts@bank.example,Bank Alerts,"Your password was changed. If you didn't do this, contact us immediately.",security,1
fatima@company.example,Rosa,Reminder: the office kitchen will be cleaned tonight. Please remove your food.,work,0
billing@utility.example,Billing,thanks for your payment of $2292.41. your balance is $0.00.,bill,0
mei@company.example,Fatima,"Urgent: production dashboard is down, can you take a look ASAP?",work,1
+18884397261,Unknown,Your account is suspended! Verify now: bit.ly/verify800703,scam,0
no-reply@shipping.example,Shipping,Delivery attempt failed - signature required. Reschedule by Friday or it will be returned.,delivery,1
+15552862708,Fatima,"Hey it's your brother, can you call me Tuesday? Need to talk about something.",personal,1
alerts@bank.example,Bank Alerts,"Unusual sign-in to your account from a new device. If this wasn't you, secure your account now.",security,1
+18884891261,Unknown,Congratulations! You won a $2211.38 gift card. Claim now at bit.ly/claim-556807,scam,0
+15559343936,Omar,would you be able to help me move thursday? starting around 4pm.,personal,1
reminders@clinic.example,Reminders,Your flight tomorrow has been delayed to 6pm. Check the app for gate info.,appointment,1
alerts@bank.example,Bank Alerts,"Unusual sign-in to your account from a new device. If this wasn't you, secure your account now.",security,1
no-reply@shipping.example,Shipping,Your order from FreshCart has shipped and arrives today.,delivery,0
+18885947945,Unknown,IRS notice: you owe $319.39. Pay with gift cards immediately to avoid arrest.,scam,0
deals@freshcart.example,UrbanThreads,Don't miss out! Last chance to get $1199.65 off your next order.,promo,0
+15556146250,Grandma,"Uncle Ray is in the hospital, nothing serious but please call when you see this",personal,1
deals@stylebox.example,StyleBox,don't miss out! last chance to get $75.85 off your next order.,promo,0
marcus@company.example,Alex,FYI - I updated the client proposal. No action needed on your end.,work,0
+15556416053,Elena,lol did you see that video Priya posted,personal,0
notifications@social.example,Social,chris liked your photo.,social,0
chris@company.example,Chris,quick question - did you get a chance to review the q3 deck? client is asking today.,work,1
diego@company.example,Priya,could you review my pull request by wednesday? it's blocking the release.,work,1
chris@company.example,Priya,Are you available for a quick call at 6pm Thursday to go over the dashboard link?,work,1
fatima@company.example,Grace,"Hi, can you send me the onboarding doc before the noon meeting today? Thanks",work,1
billing@utility.example,Billing,thanks for your payment of $1015.49. your balance is $0.00.,bill,0
isaac@company.example,Elena,are you available for a quick call at 9am friday to go over the client proposal?,work,1
reminders@clinic.example,Reminders,Thanks for visiting! Rate your appointment with Dr. Hannah.,appointment,0
no-reply@shipping.example,Shipping,Out for delivery: your package arrives tonight by 2pm.,delivery,0
no-reply@shipping.example,Shipping,your freshcart order was delivered. enjoy!,delivery,0
reminders@clinic.example,Reminders,Reminder: your appointment with Dr. Priya is Friday at 6pm. Reply C to confirm.,appointment,1
+15555982139,Taylor,Would you be able to help me move Thursday? Starting around 4pm.,personal,1
+15558792420,Uncle Ray,Are we still on for dinner Thursday? I made a reservation for 3:15pm.,personal,1
deals@freshcart.example,UrbanThreads,URGENT: only hours left! 50% off everything at GadgetHub. Shop now.,promo,0
billing@utility.example,Billing,Thanks for your payment of $483.34. Your balance is $0.00.,bill,0
billing@utility.example,Billing,thanks for your payment of $1253.19. your balance is $0.00.,bill,0
leo@company.example,Alex,Reminder: the office kitchen will be cleaned Thursday. Please remove your food.,work,0
+15556799266,Aunt Lisa,haha that's hilarious,personal,0
+15556709278,Grandma,Would you be able to help me move today? Starting around 2pm.,personal,1
reminders@clinic.example,Reminders,Reminder: your appointment with Dr. Hannah is Monday at 2pm. Reply C to confirm.,appointment,1
+15553819428,Leo,Can you pick up the kids at noon Wednesday? I'm stuck at work.,personal,1
billing@utility.example,Billing,Final notice: your account balance of $571.87 is overdue.,bill,1
notifications@social.example,Social,Chris liked your photo.,social,0
+15553596963,Kofi,"Rosa says hi, we're watching the game",personal,0
alerts@bank.example,Bank Alerts,"your password was changed. if you didn't do this, contact us immediately.",security,1
+15558862800,Rosa,"Grandma is in the hospital, nothing serious but please call when you see this",personal,1
billing@utility.example,Billing,Rent of $1931.96 is due Tuesday. Please pay through the resident portal.,bill,1
billing@utility.example,Billing,Your payment of $2012.24 is past due. Pay by Tuesday to avoid a late fee.,bill,1
+15553434998,Omar,Would you be able to help me move Friday? Starting around 2pm.,personal,1
billing@utility.example,Billing,rent of $1283.95 is due wednesday. please pay through the resident portal.,bill,1
+18882799122,Unknown,irs notice: you owe $2269.47. pay with gift cards immediately to avoid arrest.,scam,0
no-reply@shipping.example,Shipping,Your order from FreshCart has shipped and arrives Thursday.,delivery,0
deals@freshcart.example,FreshCart,URGENT: only hours left! 50% off everything at UrbanThreads. Shop now.,promo,0
jordan@company.example,Mei,quick question - did you get a chance to review the client proposal? client is asking tomorrow.,work,1
notifications@social.example,Social,ben liked your photo.,social,0
alerts@bank.example,Bank Alerts,"Unusual sign-in to your account from a new device. If this wasn't you, secure your account now.",security,1
reminders@clinic.example,Reminders,Your flight tomorrow has been delayed to 9am. Check the app for gate info.,appointment,1
billing@utility.example,Billing,rent of $2184.81 is due wednesday. please pay through the resident portal.,bill,1
deals@stylebox.example,FreshCart,Your weekly newsletter: 7 stories you missed. View in browser.,promo,0
billing@utility.example,Billing,Thanks for your payment of $2257.95. Your balance is $0.00.,bill,0
marcus@company.example,Mei,Interview request: are you available Friday at 7:30pm for a 30 minute phone screen?,work,1
no-reply@shipping.example,Shipping,Out for delivery: your package arrives today by 10:30am.,delivery,0
notifications@social.example,Social,mei commented on your post: 'so cool!',social,0
billing@utility.example,Billing,Rent of $1537.05 is due today. Please pay through the resident portal.,bill,1
leo@company.example,Sam,"urgent: production dashboard is down, can you take a look asap?",work,1
billing@utility.example,Billing,Rent of $992.47 is due Monday. Please pay through the resident portal.,bill,1
+18885067631,Unknown,IRS notice: you owe $1352.77. Pay with gift cards immediately to avoid arrest.,scam,0
nina@company.example,Sam,interview request: are you available tonight at 9am for a 30 minute phone screen?,work,1
+15556743982,Elena,"isaac says hi, we're watching the game",personal,0
alerts@bank.example,Bank Alerts,Use 983906 as your login code. Don't share it with anyone.,security,0
+15551732426,Taylor,ok sounds good 👍,personal,0
+15559110739,Grace,ok sounds good 👍,personal,0
priya@company.example,Mei,Could you review my pull request by tonight? It's blocking the release.,work,1
marcus@company.example,Leo,Interview request: are you available Wednesday at 9am for a 30 minute phone screen?,work,1
+18885113821,Unknown,Congratulations! You won a $307.38 gift card. Claim now at bit.ly/claim-875455,scam,0
billing@utility.example,Billing,Final notice: your account balance of $1393.85 is overdue.,bill,1
billing@utility.example,Billing,Rent of $567.26 is due Thursday. Please pay through the resident portal.,bill,1
alerts@bank.example,Bank Alerts,"Unusual sign-in to your account from a new device. If this wasn't you, secure your account now.",security,1
notifications@social.example,Social,Rosa commented on your post: 'so cool!',social,0
alerts@bank.example,Bank Alerts,"Your password was changed. If you didn't do this, contact us immediately.",security,1
notifications@social.example,Social,Sam started following you.,social,0
no-reply@shipping.example,Shipping,your urbanthreads order was delivered. enjoy!,delivery,0
+18881462608,Unknown,IRS notice: you owe $1120.68. Pay with gift cards immediately to avoid arrest.,scam,0
priya@company.example,Kofi,"Urgent: production dashboard is down, can you take a look ASAP?",work,1
billing@utility.example,Billing,Your payment of $67.03 is past due. Pay by today to avoid a late fee.,bill,1
priya@company.example,Leo,Weekly digest: 14 updates in your workspace this week.,work,0
+18889012143,Unknown,IRS notice: you owe $2367.42. Pay with gift cards immediately to avoid arrest.,scam,0
notifications@social.example,Social,jordan started following you.,social,0
reminders@clinic.example,Reminders,Thanks for visiting! Rate your appointment with Dr. Diego.,appointment,0
+15553719250,Mei,haha that's hilarious,personal,0
+15554558322,Grace,Leo here - are you still coming to my place Thursday at 7:30pm? Let me know.,personal,1
+18887308097,Unknown,congratulations! you won a $1657.86 gift card. claim now at bit.ly/claim-162899,scam,0
billing@utility.example,Billing,your receipt from gadgethub: total $97.33. thanks for shopping with us!,bill,0
nina@company.example,Elena,"Urgent: production dashboard is down, can you take a look ASAP?",work,1
+18888600881,Unknown,IRS notice: you owe $2000.31. Pay with gift cards immediately to avoid arrest.,scam,0
omar@company.example,Alex,"Urgent: production dashboard is down, can you take a look ASAP?",work,1
+18888792666,Unknown,Your package is on hold. Update your address at tinyurl.com/redeliver202286,scam,0
deals@homenest.example,HomeNest,your weekly newsletter: 7 stories you missed. view in browser.,promo,0
+15556309827,Priya,"Hey it's Dad, can you call me Thursday? Need to talk about something.",personal,1
+15559400835,Marcus,haha that's hilarious,personal,0
reminders@clinic.example,Reminders,Meeting moved: team sync is now tonight at 10:30am.,appointment,1
+15557083584,Nina,"Hey it's Grandma, can you call me Tuesday? Need to talk about something.",personal,1
+15555506205,Fatima,"Hey it's my sister, can you call me Monday? Need to talk about something.",personal,1
billing@utility.example,Billing,Your monthly statement is available. No payment is due.,bill,0
deals@shopwave.example,HomeNest,URGENT: only hours left! 50% off everything at UrbanThreads. Shop now.,promo,0
+15558895487,Mei,"my sister is in the hospital, nothing serious but please call when you see this",personal,1
billing@utility.example,Billing,Your payment of $1563.45 is past due. Pay by today to avoid a late fee.,bill,1
nina@company.example,Diego,FYI - I updated your slides. No action needed on your end.,work,0
notifications@social.example,Social,leo commented on your post: 'so cool!',social,0
+15558181680,Marcus,ok sounds good 👍,personal,0
billing@utility.example,Billing,Your receipt from ShopWave: total $1506.45. Thanks for shopping with us!,bill,0
alex@company.example,Elena,FYI - I updated the client proposal. No action needed on your end.,work,0
billing@utility.example,Billing,Rent of $1405.48 is due Thursday. Please pay through the resident portal.,bill,1
+15558349558,Priya,"hey it's grandma, can you call me monday? need to talk about something.",personal,1
reminders@clinic.example,Reminders,Meeting moved: team sync is now Tuesday at 2pm.,appointment,1
billing@utility.example,Billing,Your credit card statement is ready. Minimum payment $1063.45 due Friday.,bill,1
+15557365327,Fatima,Happy birthday!! Hope you have an amazing day 🎉,personal,0
reminders@clinic.example,Reminders,Meeting moved: team sync is now Monday at 10:30am.,appointment,1
billing@utility.example,Billing,your receipt from freshcart: total $2024.17. thanks for shopping with us!,bill,0
priya@company.example,Chris,Quick question - did you get a chance to review the SQL query results? Client is asking Monday.,work,1
+15554352694,Grandma,Are we still on for dinner Monday? I made a reservation for 10:30am.,personal,1
billing@utility.example,Billing,your payment of $586.52 is past due. pay by monday to avoid a late fee.,bill,1
billing@utility.example,Billing,Your payment of $1137.66 is past due. Pay by Monday to avoid a late fee.,bill,1
ben@company.example,Isaac,Interview request: are you available today at 6pm for a 30 minute phone screen?,work,1
rosa@company.example,Elena,Interview request: are you available Wednesday at 9am for a 30 minute phone screen?,work,1
billing@utility.example,Billing,Rent of $1299.01 is due tonight. Please pay through the resident portal.,bill,1
+18888627203,Unknown,IRS notice: you owe $1206.25. Pay with gift cards immediately to avoid arrest.,scam,0
billing@utility.example,Billing,thanks for your payment of $1788.81. your balance is $0.00.,bill,0
+15555947477,my sister,are we still on for dinner wednesday? i made a reservation for 9am.,personal,1
priya@company.example,Jordan,"urgent: production dashboard is down, can you take a look asap?",work,1
billing@utility.example,Billing,your receipt from homenest: total $1751.19. thanks for shopping with us!,bill,0
+15556442400,Isaac,ok sounds good 👍,personal,0
+18882570185,Unknown,your account is suspended! verify now: bit.ly/verify771909,scam,0
taylor@company.example,Mei,Quick question - did you get a chance to review the Q3 deck? Client is asking Wednesday.,work,1
reminders@clinic.example,Reminders,meeting moved: team sync is now tonight at 4pm.,appointment,1
jordan@company.example,Rosa,Reminder: the office kitchen will be cleaned Tuesday. Please remove your food.,work,0
no-reply@shipping.example,Shipping,Your UrbanThreads order was delivered. Enjoy!,delivery,0
alerts@bank.example,Bank Alerts,Your verification code is 200315. It expires in 10 minutes.,security,0
+15553214078,Ben,haha that's hilarious,personal,0
no-reply@shipping.example,Shipping,your order from gadgethub has shipped and arrives tomorrow.,delivery,0
deals@stylebox.example,StyleBox,ShopWave: your exclusive deal expires tonight. Use code SAVE20. Unsubscribe.,promo,0
+15555756068,Fatima,haha that's hilarious,personal,0
reminders@clinic.example,Reminders,Thanks for visiting! Rate your appointment with Dr. Taylor.,appointment,0
deals@stylebox.example,ShopWave,Don't miss out! Last chance to get $641.33 off your next order.,promo,0
kofi@company.example,Grace,"thanks rosa, got it!",work,0
+15551180620,Grace,lol did you see that video Jordan posted,personal,0
billing@utility.example,Billing,Your receipt from UrbanThreads: total $2106.86. Thanks for shopping with us!,bill,0
notifications@social.example,Social,Elena sent you a message: 'can you call me back? it's important',social,1
alerts@bank.example,Bank Alerts,Your verification code is 986807. It expires in 10 minutes.,security,0
billing@utility.example,Billing,Your receipt from FreshCart: total $2044.17. Thanks for shopping with us!,bill,0
isaac@company.example,Marcus,Reminder: the office kitchen will be cleaned tonight. Please remove your food.,work,0
+15551842262,Fatima,Are we still on for dinner Thursday? I made a reservation for 2pm.,personal,1
deals@freshcart.example,GadgetHub,New arrivals just for you at FreshCart. Free shipping over $50.,promo,0
+15554584569,Priya,"hey it's aunt lisa, can you call me monday? need to talk about something.",personal,1
billing@utility.example,Billing,Final notice: your account balance of $1387.11 is overdue.,bill,1
alerts@bank.example,Bank Alerts,"unusual sign-in to your account from a new device. if this wasn't you, secure your account now.",security,1
+15559501918,my sister,"Leo says hi, we're watching the game",personal,0
no-reply@shipping.example,Shipping,Your StyleBox order was delivered. Enjoy!,delivery,0
alerts@bank.example,Bank Alerts,"Your password was changed. If you didn't do this, contact us immediately.",security,1
fatima@company.example,Mei,Interview request: are you available tomorrow at 7:30pm for a 30 minute phone screen?,work,1
+18886220187,Unknown,Your package is on hold. Update your address at tinyurl.com/redeliver684489,scam,0
notifications@social.example,Social,mei started following you.,social,0
no-reply@shipping.example,Shipping,Out for delivery: your package arrives Monday by 6pm.,delivery,0
+15556439208,Sam,Ben here - are you still coming to my place today at 10:30am? Let me know.,personal,1
+18889732760,Unknown,Your account is suspended! Verify now: bit.ly/verify270026,scam,0
+15556383792,Hannah,ok sounds good 👍,personal,0
billing@utility.example,Billing,thanks for your payment of $1321.49. your balance is $0.00.,bill,0
no-reply@shipping.example,Shipping,Delivery attempt failed - signature required. Reschedule by today or it will be returned.,delivery,1
deals@homenest.example,ShopWave,New arrivals just for you at GadgetHub. Free shipping over $50.,promo,0
nina@company.example,Chris,Interview request: are you available Monday at 9am for a 30 minute phone screen?,work,1
+15552976876,Uncle Ray,Are we still on for dinner today? I made a reservation for 10:30am.,personal,1
billing@utility.example,Billing,Thanks for your payment of $2059.43. Your balance is $0.00.,bill,0
+15551052140,Rosa,"isaac says hi, we're watching the game",personal,0
deals@urbanthreads.example,UrbanThreads,New arrivals just for you at UrbanThreads. Free shipping over $50.,promo,0
fatima@company.example,Kofi,Could you review my pull request by Tuesday? It's blocking the release.,work,1
priya@company.example,Leo,FYI - I updated the onboarding doc. No action needed on your end.,work,0
+15551991537,Hannah,mei here - are you still coming to my place tuesday at 4pm? let me know.,personal,1
no-reply@shipping.example,Shipping,out for delivery: your package arrives monday by 9am.,delivery,0
billing@utility.example,Billing,Your payment of $867.36 is past due. Pay by Thursday to avoid a late fee.,bill,1
+15557548256,Mei,mei here - are you still coming to my place today at 4pm? let me know.,personal,1
no-reply@shipping.example,Shipping,Out for delivery: your package arrives Monday by 4pm.,delivery,0
no-reply@shipping.example,Shipping,Your order from UrbanThreads has shipped and arrives tonight.,delivery,0
omar@company.example,Alex,"Thanks Taylor, got it!",work,0
notifications@social.example,Social,You have 5 new notifications. See what you missed.,social,0
notifications@social.example,Social,isaac commented on your post: 'so cool!',social,0
diego@company.example,Diego,"Hi, can you send me the client proposal before the 7:30pm meeting Monday? Thanks",work,1
+15556936049,Nina,Would you be able to help me move tomorrow? Starting around 7:30pm.,personal,1
deals@shopwave.example,UrbanThreads,new arrivals just for you at homenest. free shipping over $50.,promo,0
notifications@social.example,Social,Rosa commented on your post: 'so cool!',social,0
reminders@clinic.example,Reminders,Your flight tomorrow has been delayed to 4pm. Check the app for gate info.,appointment,1
rosa@company.example,Rosa,"Urgent: production dashboard is down, can you take a look ASAP?",work,1
deals@homenest.example,FreshCart,URGENT: only hours left! 50% off everything at FreshCart. Shop now.,promo,0
no-reply@shipping.example,Shipping,Your ShopWave order was delivered. Enjoy!,delivery,0
notifications@social.example,Social,you have 5 new notifications. see what you missed.,social,0
marcus@company.example,Marcus,Are you available for a quick call at 6pm Monday to go over the dashboard link?,work,1
isaac@company.example,Priya,"Hi, can you send me the Q3 deck before the 4pm meeting Wednesday? Thanks",work,1
reminders@clinic.example,Reminders,Reminder: your appointment with Dr. Isaac is Tuesday at 9am. Reply C to confirm.,appointment,1
+15554475150,Dad,"Hey it's my sister, can you call me Thursday? Need to talk about something.",personal,1
billing@utility.example,Billing,Your monthly statement is available. No payment is due.,bill,0
+15556617915,Uncle Ray,lol did you see that video Priya posted,personal,0
kofi@company.example,Rosa,Quick question - did you get a chance to review the SQL query results? Client is asking Tuesday.,work,1
deals@shopwave.example,UrbanThreads,ShopWave: your exclusive deal expires tonight. Use code SAVE20. Unsubscribe.,promo,0
no-reply@shipping.example,Shipping,Delivery attempt failed - signature required. Reschedule by Friday or it will be returned.,delivery,1
+15554871848,Isaac,ok sounds good 👍,personal,0
billing@utility.example,Billing,Final notice: your account balance of $2191.20 is overdue.,bill,1
jordan@company.example,Isaac,weekly digest: 14 updates in your workspace this week.,work,0
marcus@company.example,Sam,are you available for a quick call at 2pm tuesday to go over the q3 deck?,work,1
no-reply@shipping.example,Shipping,delivery attempt failed - signature required. reschedule by wednesday or it will be returned.,delivery,1
priya@company.example,Isaac,"urgent: production dashboard is down, can you take a look asap?",work,1
+15555587801,Uncle Ray,"Hey it's Grandma, can you call me Tuesday? Need to talk about something.",personal,1
alerts@bank.example,Bank Alerts,"Unusual sign-in to your account from a new device. If this wasn't you, secure your account now.",security,1
+15556884658,Dad,lol did you see that video hannah posted,personal,0
billing@utility.example,Billing,your payment of $378.20 is past due. pay by monday to avoid a late fee.,bill,1
+15552041100,Priya,Can you pick up the kids at 9am Tuesday? I'm stuck at work.,personal,1
nina@company.example,Leo,"Thanks Alex, got it!",work,0
billing@utility.example,Billing,rent of $1180.97 is due tuesday. please pay through the resident portal.,bill,1
deals@freshcart.example,GadgetHub,urbanthreads: your exclusive deal expires tonight. use code save20. unsubscribe.,promo,0
priya@company.example,Fatima,Are you available for a quick call at 7:30pm tonight to go over the dashboard link?,work,1
+15557058947,Hannah,haha that's hilarious,personal,0
alerts@bank.example,Bank Alerts,Your verification code is 690213. It expires in 10 minutes.,security,0
billing@utility.example,Billing,your credit card statement is ready. minimum payment $2148.21 due today.,bill,1
alerts@bank.example,Bank Alerts,your verification code is 202688. it expires in 10 minutes.,security,0
deals@stylebox.example,ShopWave,New arrivals just for you at FreshCart. Free shipping over $50.,promo,0
deals@gadgethub.example,HomeNest,FreshCart: your exclusive deal expires tonight. Use code SAVE20. Unsubscribe.,promo,0
+15551602444,Omar,can you pick up the kids at 2pm wednesday? i'm stuck at work.,personal,1
alerts@bank.example,Bank Alerts,"Unusual sign-in to your account from a new device. If this wasn't you, secure your account now.",security,1
deals@homenest.example,FreshCart,Your weekly newsletter: 7 stories you missed. View in browser.,promo,0
deals@gadgethub.example,ShopWave,your weekly newsletter: 7 stories you missed. view in browser.,promo,0
billing@utility.example,Billing,Your receipt from StyleBox: total $1543.98. Thanks for shopping with us!,bill,0
+15553022256,Nina,"hey it's uncle ray, can you call me friday? need to talk about something.",personal,1
billing@utility.example,Billing,your receipt from shopwave: total $699.29. thanks for shopping with us!,bill,0
+18881865547,Unknown,IRS notice: you owe $925.19. Pay with gift cards immediately to avoid arrest.,scam,0
billing@utility.example,Billing,Your monthly statement is available. No payment is due.,bill,0
taylor@company.example,Ben,Reminder: the office kitchen will be cleaned Tuesday. Please remove your food.,work,0
+15559788987,Nina,Are we still on for dinner today? I made a reservation for noon.,personal,1
deals@homenest.example,HomeNest,Your weekly newsletter: 7 stories you missed. View in browser.,promo,0
chris@company.example,Leo,"Hi, can you send me the SQL query results before the 6pm meeting Thursday? Thanks",work,1
notifications@social.example,Social,you have 5 new notifications. see what you missed.,social,0
reminders@clinic.example,Reminders,Reminder: your appointment with Dr. Elena is today at 10:30am. Reply C to confirm.,appointment,1
billing@utility.example,Billing,Final notice: your account balance of $84.86 is overdue.,bill,1
deals@shopwave.example,StyleBox,urgent: only hours left! 50% off everything at homenest. shop now.,promo,0
alerts@bank.example,Bank Alerts,"your password was changed. if you didn't do this, contact us immediately.",security,1
+15554965529,Alex,"Hey it's Mom, can you call me Thursday? Need to talk about something.",personal,1
+15555895079,Ben,Marcus here - are you still coming to my place Tuesday at 2pm? Let me know.,personal,1
notifications@social.example,Social,you have 5 new notifications. see what you missed.,social,0
no-reply@shipping.example,Shipping,delivery attempt failed - signature required. reschedule by friday or it will be returned.,delivery,1
reminders@clinic.example,Reminders,Thanks for visiting! Rate your appointment with Dr. Jordan.,appointment,0
+15558917018,Rosa,are we still on for dinner tuesday? i made a reservation for noon.,personal,1
billing@utility.example,Billing,Your monthly statement is available. No payment is due.,bill,0
reminders@clinic.example,Reminders,Your flight tomorrow has been delayed to 9am. Check the app for gate info.,appointment,1
deals@urbanthreads.example,FreshCart,don't miss out! last chance to get $1286.84 off your next order.,promo,0
notifications@social.example,Social,Grace sent you a message: 'can you call me back? it's important',social,1
hannah@company.example,Alex,Weekly digest: 14 updates in your workspace this week.,work,0
kofi@company.example,Fatima,Quick question - did you get a chance to review the budget sheet? Client is asking tomorrow.,work,1
billing@utility.example,Billing,Your monthly statement is available. No payment is due.,bill,0
reminders@clinic.example,Reminders,your flight tomorrow has been delayed to 9am. check the app for gate info.,appointment,1
reminders@clinic.example,Reminders,Thanks for visiting! Rate your appointment with Dr. Elena.,appointment,0
+15552185132,Grace,"fatima says hi, we're watching the game",personal,0
+15553068117,Chris,ok sounds good 👍,personal,0
alerts@bank.example,Bank Alerts,"Your password was changed. If you didn't do this, contact us immediately.",security,1
chris@company.example,Alex,"Thanks Hannah, got it!",work,0
ben@company.example,Jordan,interview request: are you available wednesday at 4pm for a 30 minute phone screen?,work,1
+18886487171,Unknown,IRS notice: you owe $1053.77. Pay with gift cards immediately to avoid arrest.,scam,0
marcus@company.example,Chris,Could you review my pull request by Friday? It's blocking the release.,work,1
+15559464925,Mom,"Hey it's your brother, can you call me Thursday? Need to talk about something.",personal,1
leo@company.example,Sam,Weekly digest: 14 updates in your workspace this week.,work,0
chris@company.example,Priya,Weekly digest: 14 updates in your workspace this week.,work,0
+15554329275,Hannah,lol did you see that video Marcus posted,personal,0
deals@gadgethub.example,HomeNest,URGENT: only hours left! 50% off everything at GadgetHub. Shop now.,promo,0
billing@utility.example,Billing,final notice: your account balance of $1717.01 is overdue.,bill,1
reminders@clinic.example,Reminders,your flight tomorrow has been delayed to 9am. check the app for gate info.,appointment,1
+15558272387,Sam,Would you be able to help me move Friday? Starting around 4pm.,personal,1
billing@utility.example,Billing,Your credit card statement is ready. Minimum payment $1359.65 due Thursday.,bill,1
reminders@clinic.example,Reminders,Reminder: your appointment with Dr. Alex is Wednesday at 6pm. Reply C to confirm.,appointment,1
notifications@social.example,Social,Marcus started following you.,social,0
notifications@social.example,Social,Taylor liked your photo.,social,0
+15551095150,my sister,ben here - are you still coming to my place friday at 3:15pm? let me know.,personal,1
billing@utility.example,Billing,your payment of $2128.22 is past due. pay by thursday to avoid a late fee.,bill,1
alex@company.example,Hannah,quick question - did you get a chance to review the sql query results? client is asking tuesday.,work,1
+15555112387,Taylor,Would you be able to help me move today? Starting around noon.,personal,1
hannah@company.example,Priya,Could you review my pull request by today? It's blocking the release.,work,1
+15559157896,Diego,"Taylor says hi, we're watching the game",personal,0
fatima@company.example,Priya,fyi - i updated the client proposal. no action needed on your end.,work,0
billing@utility.example,Billing,Thanks for your payment of $1617.82. Your balance is $0.00.,bill,0
no-reply@shipping.example,Shipping,Your order from GadgetHub has shipped and arrives Monday.,delivery,0
+15554685578,Grace,ok sounds good 👍,personal,0
+18889046700,Unknown,Your package is on hold. Update your address at tinyurl.com/redeliver746327,scam,0
alerts@bank.example,Bank Alerts,"Unusual sign-in to your account from a new device. If this wasn't you, secure your account now.",security,1
+15551201275,Nina,haha that's hilarious,personal,0
billing@utility.example,Billing,your payment of $1557.02 is past due. pay by tonight to avoid a late fee.,bill,1
notifications@social.example,Social,You have 5 new notifications. See what you missed.,social,0
notifications@social.example,Social,Marcus commented on your post: 'so cool!',social,0
+15556499771,Grandma,would you be able to help me move wednesday? starting around 3:15pm.,personal,1
deals@urbanthreads.example,GadgetHub,Don't miss out! Last chance to get $753.25 off your next order.,promo,0
+15553937692,Sam,haha that's hilarious,personal,0
rosa@company.example,Alex,"Hi, can you send me the Q3 deck before the 9am meeting tomorrow? Thanks",work,1
alerts@bank.example,Bank Alerts,"unusual sign-in to your account from a new device. if this wasn't you, secure your account now.",security,1
billing@utility.example,Billing,Your credit card statement is ready. Minimum payment $1708.90 due Monday.,bill,1
deals@stylebox.example,ShopWave,New arrivals just for you at GadgetHub. Free shipping over $50.,promo,0
no-reply@shipping.example,Shipping,Out for delivery: your package arrives Friday by 4pm.,delivery,0
+15558168592,Grandma,Would you be able to help me move Monday? Starting around noon.,personal,1
+15555305099,Priya,"Hey it's Uncle Ray, can you call me Wednesday? Need to talk about something.",personal,1
notifications@social.example,Social,hannah commented on your post: 'so cool!',social,0
nina@company.example,Hannah,Interview request: are you available tomorrow at 2pm for a 30 minute phone screen?,work,1
deals@stylebox.example,HomeNest,ShopWave: your exclusive deal expires tonight. Use code SAVE20. Unsubscribe.,promo,0
notifications@social.example,Social,you have 5 new notifications. see what you missed.,social,0
+15554108884,Elena,Would you be able to help me move tonight? Starting around 7:30pm.,personal,1
deals@urbanthreads.example,GadgetHub,GadgetHub: your exclusive deal expires tonight. Use code SAVE20. Unsubscribe.,promo,0
diego@company.example,Grace,interview request: are you available wednesday at 3:15pm for a 30 minute phone screen?,work,1
deals@homenest.example,ShopWave,your weekly newsletter: 7 stories you missed. view in browser.,promo,0
reminders@clinic.example,Reminders,Thanks for visiting! Rate your appointment with Dr. Grace.,appointment,0
reminders@clinic.example,Reminders,Thanks for visiting! Rate your appointment with Dr. Diego.,appointment,0
+15556332449,Taylor,Happy birthday!! Hope you have an amazing day 🎉,personal,0
alerts@bank.example,Bank Alerts,"Your password was changed. If you didn't do this, contact us immediately.",security,1
deals@shopwave.example,FreshCart,New arrivals just for you at GadgetHub. Free shipping over $50.,promo,0
+15552851560,Dad,"Hey it's Uncle Ray, can you call me Tuesday? Need to talk about something.",personal,1
alex@company.example,Mei,"Thanks Marcus, got it!",work,0
billing@utility.example,Billing,your receipt from stylebox: total $842.22. thanks for shopping with us!,bill,0
+15555536625,Mei,haha that's hilarious,personal,0
+15557131636,Isaac,"Ben says hi, we're watching the game",personal,0
+15553093661,Sam,Happy birthday!! Hope you have an amazing day 🎉,personal,0
ben@company.example,Elena,reminder: the office kitchen will be cleaned tuesday. please remove your food.,work,0
jordan@company.example,Chris,Are you available for a quick call at 2pm tomorrow to go over the SQL query results?,work,1
deals@gadgethub.example,ShopWave,new arrivals just for you at stylebox. free shipping over $50.,promo,0
billing@utility.example,Billing,Your payment of $1842.31 is past due. Pay by Friday to avoid a late fee.,bill,1
sam@company.example,Jordan,Weekly digest: 14 updates in your workspace this week.,work,0
chris@company.example,Taylor,"Thanks Mei, got it!",work,0
billing@utility.example,Billing,Your monthly statement is available. No payment is due.,bill,0
ben@company.example,Ben,quick question - did you get a chance to review the onboarding doc? client is asking friday.,work,1
+15559194711,Nina,Are we still on for dinner Tuesday? I made a reservation for 9am.,personal,1
diego@company.example,Ben,quick question - did you get a chance to review the dashboard link? client is asking tonight.,work,1
+15555500529,Leo,happy birthday!! hope you have an amazing day 🎉,personal,0
+15558225369,Chris,ok sounds good 👍,personal,0
deals@gadgethub.example,ShopWave,urgent: only hours left! 50% off everything at shopwave. shop now.,promo,0
leo@company.example,Leo,Reminder: the office kitchen will be cleaned tonight. Please remove your food.,work,0
reminders@clinic.example,Reminders,Reminder: your appointment with Dr. Isaac is Thursday at 3:15pm. Reply C to confirm.,appointment,1
no-reply@shipping.example,Shipping,Your ShopWave order was delivered. Enjoy!,delivery,0
notifications@social.example,Social,mei liked your photo.,social,0
taylor@company.example,Chris,Weekly digest: 14 updates in your workspace this week.,work,0
+18881542956,Unknown,Congratulations! You won a $80.34 gift card. Claim now at bit.ly/claim-458366,scam,0
billing@utility.example,Billing,Your monthly statement is available. No payment is due.,bill,0
notifications@social.example,Social,you have 5 new notifications. see what you missed.,social,0
billing@utility.example,Billing,your payment of $648.40 is past due. pay by tonight to avoid a late fee.,bill,1
+15553555808,Uncle Ray,ok sounds good 👍,personal,0
+18881339651,Unknown,Congratulations! You won a $1812.65 gift card. Claim now at bit.ly/claim-724190,scam,0
billing@utility.example,Billing,thanks for your payment of $1534.14. your balance is $0.00.,bill,0
+15555038277,Chris,can you pick up the kids at 2pm thursday? i'm stuck at work.,personal,1
alerts@bank.example,Bank Alerts,Your verification code is 634807. It expires in 10 minutes.,security,0
chris@company.example,Ben,Are you available for a quick call at 6pm Friday to go over the budget sheet?,work,1
diego@company.example,Hannah,Are you available for a quick call at 6pm Thursday to go over the contract?,work,1
+15553681066,my sister,"Hey it's my sister, can you call me today? Need to talk about something.",personal,1
+15552526376,Sam,lol did you see that video nina posted,personal,0
billing@utility.example,Billing,rent of $1436.66 is due today. please pay through the resident portal.,bill,1
reminders@clinic.example,Reminders,Reminder: your appointment with Dr. Mei is Tuesday at 4pm. Reply C to confirm.,appointment,1
billing@utility.example,Billing,Your payment of $1524.14 is past due. Pay by Friday to avoid a late fee.,bill,1
deals@shopwave.example,UrbanThreads,gadgethub: your exclusive deal expires tonight. use code save20. unsubscribe.,promo,0
deals@urbanthreads.example,GadgetHub,New arrivals just for you at FreshCart. Free shipping over $50.,promo,0
+18884313921,Unknown,IRS notice: you owe $1656.86. Pay with gift cards immediately to avoid arrest.,scam,0
reminders@clinic.example,Reminders,Your flight tomorrow has been delayed to noon. Check the app for gate info.,appointment,1
taylor@company.example,Isaac,Weekly digest: 14 updates in your workspace this week.,work,0
no-reply@shipping.example,Shipping,Delivery attempt failed - signature required. Reschedule by Thursday or it will be returned.,delivery,1
alerts@bank.example,Bank Alerts,Use 720689 as your login code. Don't share it with anyone.,security,0
reminders@clinic.example,Reminders,reminder: your appointment with dr. elena is tuesday at noon. reply c to confirm.,appointment,1
+18886646759,Unknown,irs notice: you owe $1298.81. pay with gift cards immediately to avoid arrest.,scam,0
billing@utility.example,Billing,rent of $666.89 is due monday. please pay through the resident portal.,bill,1
notifications@social.example,Social,you have 5 new notifications. see what you missed.,social,0
hannah@company.example,Taylor,"Thanks Chris, got it!",work,0
hannah@company.example,Leo,could you review my pull request by thursday? it's blocking the release.,work,1
alerts@bank.example,Bank Alerts,"Your password was changed. If you didn't do this, contact us immediately.",security,1
notifications@social.example,Social,Fatima commented on your post: 'so cool!',social,0
deals@stylebox.example,StyleBox,gadgethub: your exclusive deal expires tonight. use code save20. unsubscribe.,promo,0
+18885899933,Unknown,Your account is suspended! Verify now: bit.ly/verify834723,scam,0
deals@stylebox.example,UrbanThreads,Your weekly newsletter: 7 stories you missed. View in browser.,promo,0
taylor@company.example,Sam,Weekly digest: 14 updates in your workspace this week.,work,0
alerts@bank.example,Bank Alerts,Your verification code is 117534. It expires in 10 minutes.,security,0
leo@company.example,Leo,quick question - did you get a chance to review your slides? client is asking tuesday.,work,1
+15552696232,Jordan,lol did you see that video Diego posted,personal,0
+18885410573,Unknown,Your account is suspended! Verify now: bit.ly/verify364951,scam,0
alerts@bank.example,Bank Alerts,Use 926791 as your login code. Don't share it with anyone.,security,0
billing@utility.example,Billing,Your receipt from ShopWave: total $1360.95. Thanks for shopping with us!,bill,0
notifications@social.example,Social,Alex sent you a message: 'can you call me back? it's important',social,1
reminders@clinic.example,Reminders,Your flight tomorrow has been delayed to 6pm. Check the app for gate info.,appointment,1
notifications@social.example,Social,mei sent you a message: 'can you call me back? it's important',social,1
diego@company.example,Sam,"urgent: production dashboard is down, can you take a look asap?",work,1
+18885970799,Unknown,your account is suspended! verify now: bit.ly/verify788651,scam,0
+15551722414,my sister,fatima here - are you still coming to my place tomorrow at 2pm? let me know.,personal,1
leo@company.example,Sam,"Thanks Omar, got it!",work,0
no-reply@shipping.example,Shipping,Delivery attempt failed - signature required. Reschedule by today or it will be returned.,delivery,1
billing@utility.example,Billing,Your credit card statement is ready. Minimum payment $1329.61 due Thursday.,bill,1
reminders@clinic.example,Reminders,Thanks for visiting! Rate your appointment with Dr. Nina.,appointment,0
notifications@social.example,Social,Kofi started following you.,social,0
+18886079839,Unknown,Your account is suspended! Verify now: bit.ly/verify795691,scam,0
no-reply@shipping.example,Shipping,Out for delivery: your package arrives Tuesday by 10:30am.,delivery,0
+15554262821,Kofi,happy birthday!! hope you have an amazing day 🎉,personal,0
reminders@clinic.example,Reminders,Meeting moved: team sync is now Friday at 6pm.,appointment,1
+15554604593,Rosa,"my sister is in the hospital, nothing serious but please call when you see this",personal,1
+18886458318,Unknown,Your account is suspended! Verify now: bit.ly/verify395318,scam,0
mei@company.example,Mei,reminder: the office kitchen will be cleaned tuesday. please remove your food.,work,0
nina@company.example,Kofi,"Thanks Omar, got it!",work,0
+18884254464,Unknown,your package is on hold. update your address at tinyurl.com/redeliver477867,scam,0
billing@utility.example,Billing,Thanks for your payment of $439.23. Your balance is $0.00.,bill,0
deals@homenest.example,HomeNest,Your weekly newsletter: 7 stories you missed. View in browser.,promo,0
priya@company.example,Chris,"Thanks Fatima, got it!",work,0
deals@urbanthreads.example,StyleBox,Your weekly newsletter: 7 stories you missed. View in browser.,promo,0
deals@stylebox.example,UrbanThreads,New arrivals just for you at StyleBox. Free shipping over $50.,promo,0
+15558307187,Chris,"Isaac says hi, we're watching the game",personal,0
billing@utility.example,Billing,your credit card statement is ready. minimum payment $396.29 due tonight.,bill,1
no-reply@shipping.example,Shipping,Out for delivery: your package arrives today by 10:30am.,delivery,0
+15556800235,Fatima,Can you pick up the kids at 7:30pm Monday? I'm stuck at work.,personal,1
+15557226096,Mei,ok sounds good 👍,personal,0
+15556330219,Marcus,lol did you see that video Jordan posted,personal,0
deals@gadgethub.example,UrbanThreads,Don't miss out! Last chance to get $534.26 off your next order.,promo,0
billing@utility.example,Billing,Your payment of $726.57 is past due. Pay by Monday to avoid a late fee.,bill,1
+15556693904,Omar,Diego here - are you still coming to my place today at 10:30am? Let me know.,personal,1
deals@freshcart.example,UrbanThreads,URGENT: only hours left! 50% off everything at HomeNest. Shop now.,promo,0
rosa@company.example,Fatima,Could you review my pull request by Monday? It's blocking the release.,work,1
no-reply@shipping.example,Shipping,Out for delivery: your package arrives today by 3:15pm.,delivery,0
billing@utility.example,Billing,Thanks for your payment of $1935.98. Your balance is $0.00.,bill,0
billing@utility.example,Billing,your receipt from urbanthreads: total $1451.73. thanks for shopping with us!,bill,0
deals@homenest.example,ShopWave,URGENT: only hours left! 50% off everything at GadgetHub. Shop now.,promo,0
billing@utility.example,Billing,your monthly statement is available. no payment is due.,bill,0
chris@company.example,Mei,Weekly digest: 14 updates in your workspace this week.,work,0
no-reply@shipping.example,Shipping,your urbanthreads order was delivered. enjoy!,delivery,0
alerts@bank.example,Bank Alerts,"Unusual sign-in to your account from a new device. If this wasn't you, secure your account now.",security,1
+15551678234,Rosa,ok sounds good 👍,personal,0
+15551910072,your brother,haha that's hilarious,personal,0
fatima@company.example,Elena,Interview request: are you available Wednesday at 7:30pm for a 30 minute phone screen?,work,1
deals@urbanthreads.example,UrbanThreads,Your weekly newsletter: 7 stories you missed. View in browser.,promo,0
deals@homenest.example,FreshCart,Don't miss out! Last chance to get $37.39 off your next order.,promo,0
+18881112398,Unknown,your package is on hold. update your address at tinyurl.com/redeliver269727,scam,0
+15556715198,Taylor,would you be able to help me move wednesday? starting around 2pm.,personal,1
ben@company.example,Omar,are you available for a quick call at 4pm today to go over the client proposal?,work,1
priya@company.example,Marcus,"Thanks Marcus, got it!",work,0
alerts@bank.example,Bank Alerts,"unusual sign-in to your account from a new device. if this wasn't you, secure your account now.",security,1
deals@stylebox.example,HomeNest,Don't miss out! Last chance to get $1982.48 off your next order.,promo,0
notifications@social.example,Social,Priya commented on your post: 'so cool!',social,0
alerts@bank.example,Bank Alerts,"Your password was changed. If you didn't do this, contact us immediately.",security,1
+18884297899,Unknown,Your package is on hold. Update your address at tinyurl.com/redeliver591202,scam,0
deals@homenest.example,FreshCart,Don't miss out! Last chance to get $842.53 off your next order.,promo,0
deals@freshcart.example,HomeNest,URGENT: only hours left! 50% off everything at UrbanThreads. Shop now.,promo,0
billing@utility.example,Billing,final notice: your account balance of $2089.69 is overdue.,bill,1
sam@company.example,Jordan,weekly digest: 14 updates in your workspace this week.,work,0
billing@utility.example,Billing,Final notice: your account balance of $2053.99 is overdue.,bill,1
billing@utility.example,Billing,your receipt from urbanthreads: total $860.88. thanks for shopping with us!,bill,0
reminders@clinic.example,Reminders,meeting moved: team sync is now tuesday at noon.,appointment,1
+15558847264,Sam,would you be able to help me move monday? starting around 6pm.,personal,1
+15557083442,Dad,ok sounds good 👍,personal,0
ben@company.example,Leo,fyi - i updated the onboarding doc. no action needed on your end.,work,0
fatima@company.example,Priya,Reminder: the office kitchen will be cleaned Thursday. Please remove your food.,work,0
+15554512664,Diego,"Hey it's your brother, can you call me Monday? Need to talk about something.",personal,1
+15553297365,Mom,Can you pick up the kids at 4pm Thursday? I'm stuck at work.,personal,1
notifications@social.example,Social,Hannah started following you.,social,0
ben@company.example,Omar,reminder: the office kitchen will be cleaned monday. please remove your food.,work,0
+15558633729,Omar,haha that's hilarious,personal,0
notifications@social.example,Social,isaac started following you.,social,0
billing@utility.example,Billing,your monthly statement is available. no payment is due.,bill,0
+15559823732,Mei,haha that's hilarious,personal,0
notifications@social.example,Social,Jordan sent you a message: 'can you call me back? it's important',social,1
elena@company.example,Isaac,Are you available for a quick call at 2pm Tuesday to go over your slides?,work,1
deals@freshcart.example,UrbanThreads,Your weekly newsletter: 7 stories you missed. View in browser.,promo,0
+15553926785,my sister,Can you pick up the kids at 3:15pm Tuesday? I'm stuck at work.,personal,1
deals@freshcart.example,GadgetHub,urgent: only hours left! 50% off everything at urbanthreads. shop now.,promo,0
+18882969210,Unknown,Congratulations! You won a $2012.25 gift card. Claim now at bit.ly/claim-672306,scam,0
deals@homenest.example,GadgetHub,Don't miss out! Last chance to get $624.13 off your next order.,promo,0
billing@utility.example,Billing,Rent of $1586.59 is due Tuesday. Please pay through the resident portal.,bill,1
ben@company.example,Taylor,Reminder: the office kitchen will be cleaned Monday. Please remove your food.,work,0
notifications@social.example,Social,Priya commented on your post: 'so cool!',social,0
deals@urbanthreads.example,HomeNest,new arrivals just for you at stylebox. free shipping over $50.,promo,0
jordan@company.example,Mei,"Urgent: production dashboard is down, can you take a look ASAP?",work,1
+15559593916,Fatima,lol did you see that video diego posted,personal,0
+18887106094,Unknown,Your package is on hold. Update your address at tinyurl.com/redeliver582106,scam,0
no-reply@shipping.example,Shipping,Your order from UrbanThreads has shipped and arrives Wednesday.,delivery,0
+15554457109,Elena,haha that's hilarious,personal,0
reminders@clinic.example,Reminders,Thanks for visiting! Rate your appointment with Dr. Kofi.,appointment,0
+15555512003,Rosa,haha that's hilarious,personal,0
+15559713115,Leo,"Hey it's Uncle Ray, can you call me today? Need to talk about something.",personal,1
reminders@clinic.example,Reminders,meeting moved: team sync is now today at 3:15pm.,appointment,1
notifications@social.example,Social,Marcus commented on your post: 'so cool!',social,0
+15558521426,Nina,"Jordan says hi, we're watching the game",personal,0
+18888704616,Unknown,IRS notice: you owe $774.46. Pay with gift cards immediately to avoid arrest.,scam,0
+15553187127,Marcus,"Jordan says hi, we're watching the game",personal,0
deals@gadgethub.example,UrbanThreads,don't miss out! last chance to get $2073.91 off your next order.,promo,0
no-reply@shipping.example,Shipping,Your order from HomeNest has shipped and arrives tonight.,delivery,0
+15554443974,Sam,marcus here - are you still coming to my place today at noon? let me know.,personal,1
hannah@company.example,Taylor,reminder: the office kitchen will be cleaned wednesday. please remove your food.,work,0
no-reply@shipping.example,Shipping,Your UrbanThreads order was delivered. Enjoy!,delivery,0
notifications@social.example,Social,Omar started following you.,social,0
hannah@company.example,Mei,Interview request: are you available tomorrow at 2pm for a 30 minute phone screen?,work,1
reminders@clinic.example,Reminders,Meeting moved: team sync is now Wednesday at noon.,appointment,1
notifications@social.example,Social,You have 5 new notifications. See what you missed.,social,0
no-reply@shipping.example,Shipping,your homenest order was delivered. enjoy!,delivery,0
+15556121846,Nina,ok sounds good 👍,personal,0
notifications@social.example,Social,Marcus sent you a message: 'can you call me back? it's important',social,1
no-reply@shipping.example,Shipping,Your StyleBox order was delivered. Enjoy!,delivery,0
billing@utility.example,Billing,Final notice: your account balance of $1026.80 is overdue.,bill,1
reminders@clinic.example,Reminders,Meeting moved: team sync is now Wednesday at 10:30am.,appointment,1
alerts@bank.example,Bank Alerts,Your verification code is 119359. It expires in 10 minutes.,security,0
+18887854438,Unknown,Your account is suspended! Verify now: bit.ly/verify631098,scam,0
deals@urbanthreads.example,GadgetHub,UrbanThreads: your exclusive deal expires tonight. Use code SAVE20. Unsubscribe.,promo,0
billing@utility.example,Billing,Your credit card statement is ready. Minimum payment $1526.11 due tomorrow.,bill,1
notifications@social.example,Social,You have 5 new notifications. See what you missed.,social,0
+15555587631,Grandma,isaac here - are you still coming to my place tuesday at noon? let me know.,personal,1
+15559610847,Marcus,haha that's hilarious,personal,0
notifications@social.example,Social,you have 5 new notifications. see what you missed.,social,0
+15555746442,Isaac,Are we still on for dinner Tuesday? I made a reservation for 2pm.,personal,1
reminders@clinic.example,Reminders,Your flight tomorrow has been delayed to noon. Check the app for gate info.,appointment,1
no-reply@shipping.example,Shipping,Delivery attempt failed - signature required. Reschedule by Monday or it will be returned.,delivery,1
notifications@social.example,Social,Elena sent you a message: 'can you call me back? it's important',social,1
+18889877460,Unknown,Congratulations! You won a $529.87 gift card. Claim now at bit.ly/claim-235494,scam,0
billing@utility.example,Billing,Your payment of $1395.61 is past due. Pay by tonight to avoid a late fee.,bill,1
+15558509758,Mom,diego here - are you still coming to my place tuesday at 7:30pm? let me know.,personal,1
+15554646425,your brother,Would you be able to help me move tonight? Starting around 3:15pm.,personal,1
billing@utility.example,Billing,Your monthly statement is available. No payment is due.,bill,0
ben@company.example,Omar,are you available for a quick call at 4pm thursday to go over the contract?,work,1
deals@freshcart.example,StyleBox,your weekly newsletter: 7 stories you missed. view in browser.,promo,0
kofi@company.example,Marcus,Weekly digest: 14 updates in your workspace this week.,work,0
billing@utility.example,Billing,Your payment of $472.43 is past due. Pay by tomorrow to avoid a late fee.,bill,1
marcus@company.example,Alex,Reminder: the office kitchen will be cleaned Monday. Please remove your food.,work,0
billing@utility.example,Billing,rent of $2203.03 is due friday. please pay through the resident portal.,bill,1
reminders@clinic.example,Reminders,thanks for visiting! rate your appointment with dr. leo.,appointment,0
billing@utility.example,Billing,Rent of $2179.83 is due Monday. Please pay through the resident portal.,bill,1
billing@utility.example,Billing,Your payment of $600.09 is past due. Pay by Friday to avoid a late fee.,bill,1
rosa@company.example,Taylor,"Hi, can you send me the contract before the 4pm meeting Friday? Thanks",work,1
+15555964356,Ben,Would you be able to help me move Monday? Starting around noon.,personal,1
alex@company.example,Kofi,quick question - did you get a chance to review the client proposal? client is asking tuesday.,work,1
billing@utility.example,Billing,rent of $983.30 is due monday. please pay through the resident portal.,bill,1
+15558972047,Sam,Are we still on for dinner Thursday? I made a reservation for 2pm.,personal,1
+18888598804,Unknown,Congratulations! You won a $1846.23 gift card. Claim now at bit.ly/claim-812509,scam,0
reminders@clinic.example,Reminders,Thanks for visiting! Rate your appointment with Dr. Diego.,appointment,0
billing@utility.example,Billing,your receipt from stylebox: total $1745.63. thanks for shopping with us!,bill,0
+15557568357,Mei,lol did you see that video Kofi posted,personal,0
alerts@bank.example,Bank Alerts,Use 174527 as your login code. Don't share it with anyone.,security,0
alerts@bank.example,Bank Alerts,Your verification code is 646636. It expires in 10 minutes.,security,0
+15554232963,Isaac,Mei here - are you still coming to my place Wednesday at 2pm? Let me know.,personal,1
kofi@company.example,Marcus,interview request: are you available monday at 2pm for a 30 minute phone screen?,work,1
+15553645644,your brother,Fatima here - are you still coming to my place today at 7:30pm? Let me know.,personal,1
+18882217716,Unknown,your account is suspended! verify now: bit.ly/verify118909,scam,0
alerts@bank.example,Bank Alerts,"unusual sign-in to your account from a new device. if this wasn't you, secure your account now.",security,1
+15559708093,Ben,would you be able to help me move thursday? starting around 6pm.,personal,1
deals@gadgethub.example,FreshCart,don't miss out! last chance to get $733.96 off your next order.,promo,0
+15557936301,Taylor,"aunt lisa is in the hospital, nothing serious but please call when you see this",personal,1
notifications@social.example,Social,you have 5 new notifications. see what you missed.,social,0
no-reply@shipping.example,Shipping,your order from shopwave has shipped and arrives tuesday.,delivery,0
notifications@social.example,Social,Priya liked your photo.,social,0
billing@utility.example,Billing,Thanks for your payment of $1402.80. Your balance is $0.00.,bill,0
reminders@clinic.example,Reminders,Reminder: your appointment with Dr. Hannah is Friday at 2pm. Reply C to confirm.,appointment,1
no-reply@shipping.example,Shipping,out for delivery: your package arrives tomorrow by 9am.,delivery,0
taylor@company.example,Diego,Could you review my pull request by Monday? It's blocking the release.,work,1
+15551321353,Mei,"Hey it's my sister, can you call me Thursday? Need to talk about something.",personal,1
+18889122949,Unknown,Your account is suspended! Verify now: bit.ly/verify579438,scam,0
+15557340983,Mei,Happy birthday!! Hope you have an amazing day 🎉,personal,0
+15557399871,Nina,are we still on for dinner friday? i made a reservation for 10:30am.,personal,1
mei@company.example,Sam,Quick question - did you get a chance to review the SQL query results? Client is asking Tuesday.,work,1
+15553841987,Taylor,ok sounds good 👍,personal,0
chris@company.example,Priya,Are you available for a quick call at 10:30am today to go over the onboarding doc?,work,1
no-reply@shipping.example,Shipping,Out for delivery: your package arrives Monday by 10:30am.,delivery,0
sam@company.example,Isaac,Are you available for a quick call at 4pm tomorrow to go over the SQL query results?,work,1
notifications@social.example,Social,Jordan liked your photo.,social,0
alerts@bank.example,Bank Alerts,Your verification code is 860042. It expires in 10 minutes.,security,0
billing@utility.example,Billing,Your monthly statement is available. No payment is due.,bill,0
reminders@clinic.example,Reminders,Your flight tomorrow has been delayed to 7:30pm. Check the app for gate info.,appointment,1
billing@utility.example,Billing,Final notice: your account balance of $559.58 is overdue.,bill,1
billing@utility.example,Billing,rent of $1700.63 is due tomorrow. please pay through the resident portal.,bill,1
jordan@company.example,Rosa,"Urgent: production dashboard is down, can you take a look ASAP?",work,1
no-reply@shipping.example,Shipping,Your StyleBox order was delivered. Enjoy!,delivery,0
billing@utility.example,Billing,Your receipt from UrbanThreads: total $1140.66. Thanks for shopping with us!,bill,0
marcus@company.example,Leo,"hi, can you send me the contract before the 2pm meeting tuesday? thanks",work,1
alerts@bank.example,Bank Alerts,use 232524 as your login code. don't share it with anyone.,security,0
+15555419870,Aunt Lisa,ok sounds good 👍,personal,0
notifications@social.example,Social,Chris commented on your post: 'so cool!',social,0
no-reply@shipping.example,Shipping,Delivery attempt failed - signature required. Reschedule by tonight or it will be returned.,delivery,1
billing@utility.example,Billing,Final notice: your account balance of $294.29 is overdue.,bill,1
fatima@company.example,Sam,Interview request: are you available Thursday at 2pm for a 30 minute phone screen?,work,1
sam@company.example,Chris,"hi, can you send me the budget sheet before the 9am meeting today? thanks",work,1
notifications@social.example,Social,You have 5 new notifications. See what you missed.,social,0
reminders@clinic.example,Reminders,Meeting moved: team sync is now Monday at noon.,appointment,1
+18881787028,Unknown,your account is suspended! verify now: bit.ly/verify154929,scam,0
billing@utility.example,Billing,Your payment of $2014.15 is past due. Pay by tonight to avoid a late fee.,bill,1
+15552868274,Marcus,"Hey it's Dad, can you call me Monday? Need to talk about something.",personal,1
+18881617019,Unknown,Congratulations! You won a $812.78 gift card. Claim now at bit.ly/claim-908465,scam,0
+15557693106,Leo,haha that's hilarious,personal,0
alerts@bank.example,Bank Alerts,Your verification code is 811273. It expires in 10 minutes.,security,0
no-reply@shipping.example,Shipping,Your order from ShopWave has shipped and arrives today.,delivery,0
+15551488369,Isaac,mei here - are you still coming to my place tomorrow at 7:30pm? let me know.,personal,1
leo@company.example,Chris,Could you review my pull request by tonight? It's blocking the release.,work,1
sam@company.example,Fatima,Reminder: the office kitchen will be cleaned Monday. Please remove your food.,work,0
billing@utility.example,Billing,rent of $434.14 is due tuesday. please pay through the resident portal.,bill,1
+15551531228,Hannah,Can you pick up the kids at 7:30pm tonight? I'm stuck at work.,personal,1
+15556999390,Chris,"Aunt Lisa is in the hospital, nothing serious but please call when you see this",personal,1
notifications@social.example,Social,Sam started following you.,social,0
+15552495262,Isaac,Can you pick up the kids at 9am tonight? I'm stuck at work.,personal,1
notifications@social.example,Social,Sam sent you a message: 'can you call me back? it's important',social,1
notifications@social.example,Social,Leo liked your photo.,social,0
+15552363568,Grace,"Hannah says hi, we're watching the game",personal,0
notifications@social.example,Social,sam liked your photo.,social,0
no-reply@shipping.example,Shipping,Your order from UrbanThreads has shipped and arrives Friday.,delivery,0
+15556380781,Jordan,Are we still on for dinner Monday? I made a reservation for 3:15pm.,personal,1
notifications@social.example,Social,Kofi liked your photo.,social,0
jordan@company.example,Nina,"Thanks Marcus, got it!",work,0
reminders@clinic.example,Reminders,reminder: your appointment with dr. priya is tomorrow at noon. reply c to confirm.,appointment,1
+15552292038,Uncle Ray,ok sounds good 👍,personal,0
no-reply@shipping.example,Shipping,your order from shopwave has shipped and arrives today.,delivery,0
+15556699598,Nina,"my sister is in the hospital, nothing serious but please call when you see this",personal,1
no-reply@shipping.example,Shipping,Your GadgetHub order was delivered. Enjoy!,delivery,0
billing@utility.example,Billing,Rent of $886.49 is due Monday. Please pay through the resident portal.,bill,1
reminders@clinic.example,Reminders,meeting moved: team sync is now tomorrow at 2pm.,appointment,1
notifications@social.example,Social,Leo commented on your post: 'so cool!',social,0
reminders@clinic.example,Reminders,Reminder: your appointment with Dr. Mei is Wednesday at 4pm. Reply C to confirm.,appointment,1
+18881992093,Unknown,Your package is on hold. Update your address at tinyurl.com/redeliver404798,scam,0
+15559940770,Taylor,"Aunt Lisa is in the hospital, nothing serious but please call when you see this",personal,1
deals@stylebox.example,StyleBox,urgent: only hours left! 50% off everything at homenest. shop now.,promo,0
+15555367785,Mei,Would you be able to help me move Monday? Starting around 9am.,personal,1
billing@utility.example,Billing,Your receipt from HomeNest: total $1725.41. Thanks for shopping with us!,bill,0
leo@company.example,Sam,FYI - I updated the onboarding doc. No action needed on your end.,work,0
rosa@company.example,Isaac,reminder: the office kitchen will be cleaned tomorrow. please remove your food.,work,0
billing@utility.example,Billing,Final notice: your account balance of $1223.14 is overdue.,bill,1
no-reply@shipping.example,Shipping,Delivery attempt failed - signature required. Reschedule by tomorrow or it will be returned.,delivery,1
notifications@social.example,Social,you have 5 new notifications. see what you missed.,social,0
billing@utility.example,Billing,Rent of $1648.99 is due Tuesday. Please pay through the resident portal.,bill,1
reminders@clinic.example,Reminders,Reminder: your appointment with Dr. Nina is Thursday at noon. Reply C to confirm.,appointment,1
+18883312741,Unknown,Your account is suspended! Verify now: bit.ly/verify749714,scam,0
billing@utility.example,Billing,Your monthly statement is available. No payment is due.,bill,0
notifications@social.example,Social,Omar sent you a message: 'can you call me back? it's important',social,1
+15554894989,Taylor,"Dad is in the hospital, nothing serious but please call when you see this",personal,1
deals@freshcart.example,HomeNest,URGENT: only hours left! 50% off everything at GadgetHub. Shop now.,promo,0
reminders@clinic.example,Reminders,Thanks for visiting! Rate your appointment with Dr. Jordan.,appointment,0
notifications@social.example,Social,Fatima sent you a message: 'can you call me back? it's important',social,1
billing@utility.example,Billing,your credit card statement is ready. minimum payment $473.71 due wednesday.,bill,1
billing@utility.example,Billing,Your receipt from FreshCart: total $351.27. Thanks for shopping with us!,bill,0
no-reply@shipping.example,Shipping,Out for delivery: your package arrives Thursday by 9am.,delivery,0
+15554998335,Nina,Would you be able to help me move Friday? Starting around 7:30pm.,personal,1
alerts@bank.example,Bank Alerts,Use 980555 as your login code. Don't share it with anyone.,security,0
no-reply@shipping.example,Shipping,Out for delivery: your package arrives Friday by 6pm.,delivery,0
ben@company.example,Kofi,are you available for a quick call at noon tuesday to go over your slides?,work,1
+15558429358,Mom,Isaac here - are you still coming to my place Tuesday at 6pm? Let me know.,personal,1
notifications@social.example,Social,Priya started following you.,social,0
deals@stylebox.example,StyleBox,don't miss out! last chance to get $1977.18 off your next order.,promo,0
notifications@social.example,Social,chris commented on your post: 'so cool!',social,0
alerts@bank.example,Bank Alerts,Your verification code is 324296. It expires in 10 minutes.,security,0
priya@company.example,Mei,"Thanks Isaac, got it!",work,0
+15552855338,Marcus,"jordan says hi, we're watching the game",personal,0
deals@urbanthreads.example,FreshCart,New arrivals just for you at GadgetHub. Free shipping over $50.,promo,0
mei@company.example,Isaac,"Hi, can you send me the contract before the 10:30am meeting Wednesday? Thanks",work,1
notifications@social.example,Social,You have 5 new notifications. See what you missed.,social,0
deals@urbanthreads.example,UrbanThreads,new arrivals just for you at shopwave. free shipping over $50.,promo,0
+15552416538,Mei,Are we still on for dinner Monday? I made a reservation for noon.,personal,1
alerts@bank.example,Bank Alerts,Your verification code is 618533. It expires in 10 minutes.,security,0
kofi@company.example,Alex,are you available for a quick call at noon wednesday to go over your slides?,work,1
fatima@company.example,Rosa,Weekly digest: 14 updates in your workspace this week.,work,0
notifications@social.example,Social,rosa commented on your post: 'so cool!',social,0
+15554885617,Hannah,"hey it's uncle ray, can you call me tonight? need to talk about something.",personal,1
no-reply@shipping.example,Shipping,Delivery attempt failed - signature required. Reschedule by Monday or it will be returned.,delivery,1
+15559350695,Elena,haha that's hilarious,personal,0
taylor@company.example,Hannah,Reminder: the office kitchen will be cleaned Tuesday. Please remove your food.,work,0
billing@utility.example,Billing,Thanks for your payment of $2055.66. Your balance is $0.00.,bill,0
+15558329492,Taylor,ok sounds good 👍,personal,0
billing@utility.example,Billing,Final notice: your account balance of $1874.19 is overdue.,bill,1
+18886801638,Unknown,Your package is on hold. Update your address at tinyurl.com/redeliver797305,scam,0
deals@urbanthreads.example,StyleBox,Your weekly newsletter: 7 stories you missed. View in browser.,promo,0
deals@urbanthreads.example,UrbanThreads,HomeNest: your exclusive deal expires tonight. Use code SAVE20. Unsubscribe.,promo,0
marcus@company.example,Hannah,Weekly digest: 14 updates in your workspace this week.,work,0
deals@stylebox.example,StyleBox,New arrivals just for you at HomeNest. Free shipping over $50.,promo,0
leo@company.example,Priya,Interview request: are you available today at 4pm for a 30 minute phone screen?,work,1
+15554094282,Mom,lol did you see that video diego posted,personal,0
+15552115933,Chris,haha that's hilarious,personal,0
marcus@company.example,Kofi,"urgent: production dashboard is down, can you take a look asap?",work,1
+15553028826,Leo,Can you pick up the kids at 2pm tonight? I'm stuck at work.,personal,1
fatima@company.example,Diego,Could you review my pull request by Monday? It's blocking the release.,work,1
isaac@company.example,Nina,"Urgent: production dashboard is down, can you take a look ASAP?",work,1
rosa@company.example,Rosa,FYI - I updated the client proposal. No action needed on your end.,work,0
+15557884025,Grace,"Uncle Ray is in the hospital, nothing serious but please call when you see this",personal,1
mei@company.example,Grace,"Thanks Leo, got it!",work,0
+15558781282,Uncle Ray,ok sounds good 👍,personal,0
notifications@social.example,Social,Ben commented on your post: 'so cool!',social,0
taylor@company.example,Omar,"hi, can you send me the q3 deck before the 6pm meeting wednesday? thanks",work,1
ben@company.example,Elena,interview request: are you available today at noon for a 30 minute phone screen?,work,1
no-reply@shipping.example,Shipping,delivery attempt failed - signature required. reschedule by tuesday or it will be returned.,delivery,1
reminders@clinic.example,Reminders,thanks for visiting! rate your appointment with dr. priya.,appointment,0
+15552660123,Isaac,happy birthday!! hope you have an amazing day 🎉,personal,0
notifications@social.example,Social,elena commented on your post: 'so cool!',social,0
notifications@social.example,Social,jordan sent you a message: 'can you call me back? it's important',social,1
alerts@bank.example,Bank Alerts,Your verification code is 782636. It expires in 10 minutes.,security,0
deals@freshcart.example,ShopWave,UrbanThreads: your exclusive deal expires tonight. Use code SAVE20. Unsubscribe.,promo,0
marcus@company.example,Fatima,could you review my pull request by thursday? it's blocking the release.,work,1
alerts@bank.example,Bank Alerts,"Unusual sign-in to your account from a new device. If this wasn't you, secure your account now.",security,1
nina@company.example,Kofi,Reminder: the office kitchen will be cleaned Wednesday. Please remove your food.,work,0
grace@company.example,Isaac,Interview request: are you available Friday at 6pm for a 30 minute phone screen?,work,1
+15553439762,Sam,are we still on for dinner tuesday? i made a reservation for 10:30am.,personal,1
alex@company.example,Marcus,Could you review my pull request by tomorrow? It's blocking the release.,work,1
+15557791089,Jordan,Happy birthday!! Hope you have an amazing day 🎉,personal,0
+15551450505,Uncle Ray,Would you be able to help me move tomorrow? Starting around 9am.,personal,1
billing@utility.example,Billing,Thanks for your payment of $113.77. Your balance is $0.00.,bill,0
fatima@company.example,Mei,Reminder: the office kitchen will be cleaned today. Please remove your food.,work,0
no-reply@shipping.example,Shipping,Your order from FreshCart has shipped and arrives today.,delivery,0
+15552128710,Kofi,Rosa here - are you still coming to my place Wednesday at 3:15pm? Let me know.,personal,1
alerts@bank.example,Bank Alerts,"Unusual sign-in to your account from a new device. If this wasn't you, secure your account now.",security,1
no-reply@shipping.example,Shipping,Your StyleBox order was delivered. Enjoy!,delivery,0
notifications@social.example,Social,hannah started following you.,social,0
alerts@bank.example,Bank Alerts,Your verification code is 315420. It expires in 10 minutes.,security,0
+15553455335,Mei,Can you pick up the kids at 3:15pm tomorrow? I'm stuck at work.,personal,1
+18884558712,Unknown,your account is suspended! verify now: bit.ly/verify828807,scam,0
+15552006657,your brother,Happy birthday!! Hope you have an amazing day 🎉,personal,0
no-reply@shipping.example,Shipping,Your HomeNest order was delivered. Enjoy!,delivery,0
billing@utility.example,Billing,Your payment of $2016.42 is past due. Pay by tomorrow to avoid a late fee.,bill,1
diego@company.example,Marcus,"Hi, can you send me the SQL query results before the 7:30pm meeting tomorrow? Thanks",work,1
alerts@bank.example,Bank Alerts,"Your password was changed. If you didn't do this, contact us immediately.",security,1
no-reply@shipping.example,Shipping,delivery attempt failed - signature required. reschedule by thursday or it will be returned.,delivery,1
+18885135110,Unknown,congratulations! you won a $372.39 gift card. claim now at bit.ly/claim-207164,scam,0
+18883188275,Unknown,Your package is on hold. Update your address at tinyurl.com/redeliver354902,scam,0
+15554210100,Omar,lol did you see that video omar posted,personal,0
deals@homenest.example,UrbanThreads,urgent: only hours left! 50% off everything at gadgethub. shop now.,promo,0
billing@utility.example,Billing,Your monthly statement is available. No payment is due.,bill,0
billing@utility.example,Billing,final notice: your account balance of $259.84 is overdue.,bill,1
billing@utility.example,Billing,final notice: your account balance of $1934.15 is overdue.,bill,1
alerts@bank.example,Bank Alerts,"Unusual sign-in to your account from a new device. If this wasn't you, secure your account now.",security,1
notifications@social.example,Social,jordan sent you a message: 'can you call me back? it's important',social,1
alerts@bank.example,Bank Alerts,"Your password was changed. If you didn't do this, contact us immediately.",security,1
reminders@clinic.example,Reminders,Meeting moved: team sync is now Friday at 10:30am.,appointment,1
alerts@bank.example,Bank Alerts,"Unusual sign-in to your account from a new device. If this wasn't you, secure your account now.",security,1
alerts@bank.example,Bank Alerts,your verification code is 664572. it expires in 10 minutes.,security,0
+18887557405,Unknown,Your package is on hold. Update your address at tinyurl.com/redeliver535556,scam,0
+15556326574,Fatima,"Dad is in the hospital, nothing serious but please call when you see this",personal,1
diego@company.example,Elena,Reminder: the office kitchen will be cleaned Wednesday. Please remove your food.,work,0
billing@utility.example,Billing,Your payment of $123.34 is past due. Pay by Tuesday to avoid a late fee.,bill,1
+15554821758,Diego,would you be able to help me move tonight? starting around 4pm.,personal,1
+15558002532,Dad,Happy birthday!! Hope you have an amazing day 🎉,personal,0
notifications@social.example,Social,Diego liked your photo.,social,0
alerts@bank.example,Bank Alerts,use 825836 as your login code. don't share it with anyone.,security,0
billing@utility.example,Billing,Your payment of $1170.60 is past due. Pay by Friday to avoid a late fee.,bill,1
billing@utility.example,Billing,Rent of $933.48 is due today. Please pay through the resident portal.,bill,1
ben@company.example,Chris,"thanks rosa, got it!",work,0
billing@utility.example,Billing,Rent of $553.60 is due Tuesday. Please pay through the resident portal.,bill,1
+15556402420,Grace,Happy birthday!! Hope you have an amazing day 🎉,personal,0
+15554338629,Grandma,"Hey it's my sister, can you call me Tuesday? Need to talk about something.",personal,1
billing@utility.example,Billing,your monthly statement is available. no payment is due.,bill,0
mei@company.example,Omar,interview request: are you available tomorrow at 4pm for a 30 minute phone screen?,work,1
billing@utility.example,Billing,Final notice: your account balance of $1199.02 is overdue.,bill,1
deals@gadgethub.example,FreshCart,Your weekly newsletter: 7 stories you missed. View in browser.,promo,0
no-reply@shipping.example,Shipping,Your order from StyleBox has shipped and arrives tonight.,delivery,0
notifications@social.example,Social,you have 5 new notifications. see what you missed.,social,0
+18884267026,Unknown,Congratulations! You won a $192.96 gift card. Claim now at bit.ly/claim-541624,scam,0
reminders@clinic.example,Reminders,Your flight tomorrow has been delayed to 7:30pm. Check the app for gate info.,appointment,1
alerts@bank.example,Bank Alerts,Use 415355 as your login code. Don't share it with anyone.,security,0
chris@company.example,Fatima,Quick question - did you get a chance to review the contract? Client is asking tonight.,work,1
alerts@bank.example,Bank Alerts,use 458719 as your login code. don't share it with anyone.,security,0
mei@company.example,Mei,"urgent: production dashboard is down, can you take a look asap?",work,1
alerts@bank.example,Bank Alerts,"Unusual sign-in to your account from a new device. If this wasn't you, secure your account now.",security,1
no-reply@shipping.example,Shipping,Your UrbanThreads order was delivered. Enjoy!,delivery,0
billing@utility.example,Billing,Your receipt from StyleBox: total $1730.78. Thanks for shopping with us!,bill,0
billing@utility.example,Billing,your receipt from freshcart: total $2362.16. thanks for shopping with us!,bill,0
leo@company.example,Priya,quick question - did you get a chance to review the client proposal? client is asking monday.,work,1
deals@shopwave.example,GadgetHub,urgent: only hours left! 50% off everything at shopwave. shop now.,promo,0
deals@shopwave.example,GadgetHub,New arrivals just for you at HomeNest. Free shipping over $50.,promo,0
+15557744361,Taylor,Can you pick up the kids at 7:30pm tomorrow? I'm stuck at work.,personal,1
+15554146176,Chris,Would you be able to help me move Thursday? Starting around 7:30pm.,personal,1
deals@freshcart.example,HomeNest,gadgethub: your exclusive deal expires tonight. use code save20. unsubscribe.,promo,0
alerts@bank.example,Bank Alerts,use 707330 as your login code. don't share it with anyone.,security,0
deals@gadgethub.example,ShopWave,don't miss out! last chance to get $1039.36 off your next order.,promo,0
reminders@clinic.example,Reminders,Thanks for visiting! Rate your appointment with Dr. Priya.,appointment,0
no-reply@shipping.example,Shipping,Out for delivery: your package arrives Tuesday by 3:15pm.,delivery,0
alerts@bank.example,Bank Alerts,"Unusual sign-in to your account from a new device. If this wasn't you, secure your account now.",security,1
+15559494671,Alex,ok sounds good 👍,personal,0
reminders@clinic.example,Reminders,Meeting moved: team sync is now Tuesday at 9am.,appointment,1
+15558321886,Jordan,haha that's hilarious,personal,0
reminders@clinic.example,Reminders,reminder: your appointment with dr. diego is wednesday at 6pm. reply c to confirm.,appointment,1
+15557128124,Omar,Happy birthday!! Hope you have an amazing day 🎉,personal,0
leo@company.example,Ben,"thanks elena, got it!",work,0
+15551389547,Grandma,haha that's hilarious,personal,0
billing@utility.example,Billing,Thanks for your payment of $1265.69. Your balance is $0.00.,bill,0
billing@utility.example,Billing,Your receipt from UrbanThreads: total $1759.77. Thanks for shopping with us!,bill,0
+15552532600,Omar,omar here - are you still coming to my place monday at noon? let me know.,personal,1
no-reply@shipping.example,Shipping,Delivery attempt failed - signature required. Reschedule by tonight or it will be returned.,delivery,1
sam@company.example,Fatima,Reminder: the office kitchen will be cleaned Monday. Please remove your food.,work,0
+15551765903,Aunt Lisa,"Hey it's your brother, can you call me Tuesday? Need to talk about something.",personal,1
+15559992939,Ben,haha that's hilarious,personal,0
deals@urbanthreads.example,StyleBox,Don't miss out! Last chance to get $541.46 off your next order.,promo,0
alerts@bank.example,Bank Alerts,Your verification code is 254963. It expires in 10 minutes.,security,0
deals@shopwave.example,StyleBox,StyleBox: your exclusive deal expires tonight. Use code SAVE20. Unsubscribe.,promo,0
alerts@bank.example,Bank Alerts,Your verification code is 522357. It expires in 10 minutes.,security,0
+15559741620,Uncle Ray,"Mom is in the hospital, nothing serious but please call when you see this",personal,1
reminders@clinic.example,Reminders,Meeting moved: team sync is now tomorrow at 9am.,appointment,1
notifications@social.example,Social,jordan started following you.,social,0
+15553927523,Elena,Are we still on for dinner tomorrow? I made a reservation for 4pm.,personal,1
billing@utility.example,Billing,Final notice: your account balance of $1901.15 is overdue.,bill,1
billing@utility.example,Billing,Your receipt from UrbanThreads: total $2320.20. Thanks for shopping with us!,bill,0
+15557984779,Elena,"Nina says hi, we're watching the game",personal,0
kofi@company.example,Diego,"Hi, can you send me the Q3 deck before the noon meeting Wednesday? Thanks",work,1
billing@utility.example,Billing,Thanks for your payment of $98.99. Your balance is $0.00.,bill,0
+15559175087,Uncle Ray,Happy birthday!! Hope you have an amazing day 🎉,personal,0
billing@utility.example,Billing,your credit card statement is ready. minimum payment $1047.76 due tomorrow.,bill,1
deals@gadgethub.example,UrbanThreads,Your weekly newsletter: 7 stories you missed. View in browser.,promo,0
+15553526500,Alex,"Priya says hi, we're watching the game",personal,0
no-reply@shipping.example,Shipping,Your order from FreshCart has shipped and arrives Friday.,delivery,0
alerts@bank.example,Bank Alerts,"Unusual sign-in to your account from a new device. If this wasn't you, secure your account now.",security,1
no-reply@shipping.example,Shipping,Your order from StyleBox has shipped and arrives today.,delivery,0
+15556352744,my sister,"Priya says hi, we're watching the game",personal,0
+15556758127,Dad,"dad is in the hospital, nothing serious but please call when you see this",personal,1
deals@freshcart.example,GadgetHub,Don't miss out! Last chance to get $1360.60 off your next order.,promo,0
reminders@clinic.example,Reminders,Meeting moved: team sync is now tonight at 6pm.,appointment,1
alerts@bank.example,Bank Alerts,"Unusual sign-in to your account from a new device. If this wasn't you, secure your account now.",security,1
+18883576751,Unknown,your package is on hold. update your address at tinyurl.com/redeliver156507,scam,0
+15552354075,Alex,"Marcus says hi, we're watching the game",personal,0
billing@utility.example,Billing,your monthly statement is available. no payment is due.,bill,0
no-reply@shipping.example,Shipping,your order from shopwave has shipped and arrives friday.,delivery,0
taylor@company.example,Ben,"Urgent: production dashboard is down, can you take a look ASAP?",work,1
deals@stylebox.example,HomeNest,New arrivals just for you at GadgetHub. Free shipping over $50.,promo,0
alerts@bank.example,Bank Alerts,"Unusual sign-in to your account from a new device. If this wasn't you, secure your account now.",security,1
chris@company.example,Rosa,FYI - I updated the budget sheet. No action needed on your end.,work,0
billing@utility.example,Billing,thanks for your payment of $197.38. your balance is $0.00.,bill,0
notifications@social.example,Social,Grace liked your photo.,social,0
no-reply@shipping.example,Shipping,Your UrbanThreads order was delivered. Enjoy!,delivery,0
+15553141920,Alex,diego here - are you still coming to my place friday at 6pm? let me know.,personal,1
alerts@bank.example,Bank Alerts,"Unusual sign-in to your account from a new device. If this wasn't you, secure your account now.",security,1
+15558240165,Priya,"grandma is in the hospital, nothing serious but please call when you see this",personal,1
diego@company.example,Sam,"Thanks Marcus, got it!",work,0
+18882262740,Unknown,congratulations! you won a $2128.54 gift card. claim now at bit.ly/claim-962571,scam,0
billing@utility.example,Billing,final notice: your account balance of $353.59 is overdue.,bill,1
billing@utility.example,Billing,Your receipt from GadgetHub: total $622.02. Thanks for shopping with us!,bill,0
+15554832639,Ben,Can you pick up the kids at 9am Tuesday? I'm stuck at work.,personal,1
+18884715892,Unknown,IRS notice: you owe $632.93. Pay with gift cards immediately to avoid arrest.,scam,0
+15552137303,Elena,"Nina says hi, we're watching the game",personal,0
mei@company.example,Chris,Could you review my pull request by Tuesday? It's blocking the release.,work,1
omar@company.example,Isaac,"Thanks Rosa, got it!",work,0
billing@utility.example,Billing,Your monthly statement is available. No payment is due.,bill,0
chris@company.example,Grace,"Urgent: production dashboard is down, can you take a look ASAP?",work,1
+18887738457,Unknown,IRS notice: you owe $1815.67. Pay with gift cards immediately to avoid arrest.,scam,0
kofi@company.example,Ben,Are you available for a quick call at 4pm today to go over the dashboard link?,work,1
jordan@company.example,Grace,FYI - I updated the budget sheet. No action needed on your end.,work,0
+15557099822,Hannah,happy birthday!! hope you have an amazing day 🎉,personal,0
jordan@company.example,Hannah,Weekly digest: 14 updates in your workspace this week.,work,0
reminders@clinic.example,Reminders,Reminder: your appointment with Dr. Ben is Thursday at 6pm. Reply C to confirm.,appointment,1
alerts@bank.example,Bank Alerts,"Your password was changed. If you didn't do this, contact us immediately.",security,1
+18881541699,Unknown,Your account is suspended! Verify now: bit.ly/verify393367,scam,0
+15554880152,your brother,chris here - are you still coming to my place thursday at 3:15pm? let me know.,personal,1
deals@urbanthreads.example,HomeNest,URGENT: only hours left! 50% off everything at HomeNest. Shop now.,promo,0
taylor@company.example,Chris,Reminder: the office kitchen will be cleaned Thursday. Please remove your food.,work,0
notifications@social.example,Social,Taylor commented on your post: 'so cool!',social,0
elena@company.example,Omar,Weekly digest: 14 updates in your workspace this week.,work,0
diego@company.example,Taylor,Are you available for a quick call at 6pm Monday to go over the SQL query results?,work,1
+15552185637,Ben,"alex says hi, we're watching the game",personal,0
+18889902196,Unknown,Your package is on hold. Update your address at tinyurl.com/redeliver519469,scam,0
billing@utility.example,Billing,Rent of $1856.53 is due Monday. Please pay through the resident portal.,bill,1
+15557220855,Alex,ok sounds good 👍,personal,0
no-reply@shipping.example,Shipping,Your order from UrbanThreads has shipped and arrives Friday.,delivery,0
+15558320873,Ben,elena here - are you still coming to my place thursday at 2pm? let me know.,personal,1
notifications@social.example,Social,You have 5 new notifications. See what you missed.,social,0
deals@stylebox.example,ShopWave,Your weekly newsletter: 7 stories you missed. View in browser.,promo,0
rosa@company.example,Omar,"urgent: production dashboard is down, can you take a look asap?",work,1
deals@stylebox.example,HomeNest,Don't miss out! Last chance to get $1024.82 off your next order.,promo,0
elena@company.example,Isaac,Could you review my pull request by Monday? It's blocking the release.,work,1
alerts@bank.example,Bank Alerts,Use 707679 as your login code. Don't share it with anyone.,security,0
no-reply@shipping.example,Shipping,Out for delivery: your package arrives Friday by 3:15pm.,delivery,0
+18884916045,Unknown,Congratulations! You won a $88.72 gift card. Claim now at bit.ly/claim-747479,scam,0
reminders@clinic.example,Reminders,Reminder: your appointment with Dr. Alex is Thursday at noon. Reply C to confirm.,appointment,1
jordan@company.example,Leo,could you review my pull request by today? it's blocking the release.,work,1
reminders@clinic.example,Reminders,Your flight tomorrow has been delayed to 6pm. Check the app for gate info.,appointment,1
alerts@bank.example,Bank Alerts,Use 482836 as your login code. Don't share it with anyone.,security,0
+15559469974,Priya,Would you be able to help me move tomorrow? Starting around 9am.,personal,1
notifications@social.example,Social,chris liked your photo.,social,0
no-reply@shipping.example,Shipping,Your UrbanThreads order was delivered. Enjoy!,delivery,0
nina@company.example,Nina,"urgent: production dashboard is down, can you take a look asap?",work,1
omar@company.example,Alex,"Hi, can you send me the budget sheet before the 3:15pm meeting today? Thanks",work,1
nina@company.example,Taylor,fyi - i updated the budget sheet. no action needed on your end.,work,0
no-reply@shipping.example,Shipping,Your order from StyleBox has shipped and arrives Thursday.,delivery,0
+15553743408,your brother,Taylor here - are you still coming to my place tomorrow at 9am? Let me know.,personal,1
+15554202542,Grace,Can you pick up the kids at 2pm Tuesday? I'm stuck at work.,personal,1
billing@utility.example,Billing,Your payment of $1106.41 is past due. Pay by Tuesday to avoid a late fee.,bill,1
no-reply@shipping.example,Shipping,your order from homenest has shipped and arrives tomorrow.,delivery,0
billing@utility.example,Billing,your monthly statement is available. no payment is due.,bill,0
mei@company.example,Mei,Reminder: the office kitchen will be cleaned today. Please remove your food.,work,0
no-reply@shipping.example,Shipping,your urbanthreads order was delivered. enjoy!,delivery,0
billing@utility.example,Billing,Your receipt from StyleBox: total $1862.37. Thanks for shopping with us!,bill,0
hannah@company.example,Marcus,reminder: the office kitchen will be cleaned friday. please remove your food.,work,0
notifications@social.example,Social,Nina started following you.,social,0
sam@company.example,Marcus,Are you available for a quick call at 2pm Tuesday to go over the contract?,work,1
kofi@company.example,Rosa,are you available for a quick call at 6pm today to go over the q3 deck?,work,1
+15559152843,Ben,"Uncle Ray is in the hospital, nothing serious but please call when you see this",personal,1
leo@company.example,Diego,"Urgent: production dashboard is down, can you take a look ASAP?",work,1
alerts@bank.example,Bank Alerts,use 410892 as your login code. don't share it with anyone.,security,0
billing@utility.example,Billing,Your receipt from GadgetHub: total $1980.71. Thanks for shopping with us!,bill,0
+18881359357,Unknown,Congratulations! You won a $709.60 gift card. Claim now at bit.ly/claim-807864,scam,0
no-reply@shipping.example,Shipping,Out for delivery: your package arrives Monday by noon.,delivery,0
deals@shopwave.example,FreshCart,Don't miss out! Last chance to get $361.42 off your next order.,promo,0
fatima@company.example,Diego,Are you available for a quick call at 9am Wednesday to go over your slides?,work,1
billing@utility.example,Billing,Your payment of $765.04 is past due. Pay by Wednesday to avoid a late fee.,bill,1
notifications@social.example,Social,isaac liked your photo.,social,0
+15554910134,Aunt Lisa,Are we still on for dinner tomorrow? I made a reservation for 3:15pm.,personal,1
notifications@social.example,Social,Marcus sent you a message: 'can you call me back? it's important',social,1
alerts@bank.example,Bank Alerts,Use 824069 as your login code. Don't share it with anyone.,security,0
hannah@company.example,Diego,"urgent: production dashboard is down, can you take a look asap?",work,1
reminders@clinic.example,Reminders,meeting moved: team sync is now tomorrow at 2pm.,appointment,1
billing@utility.example,Billing,Your monthly statement is available. No payment is due.,bill,0
+18889852896,Unknown,Your package is on hold. Update your address at tinyurl.com/redeliver389682,scam,0
billing@utility.example,Billing,Final notice: your account balance of $1793.66 is overdue.,bill,1
grace@company.example,Chris,Weekly digest: 14 updates in your workspace this week.,work,0
billing@utility.example,Billing,your credit card statement is ready. minimum payment $771.68 due tomorrow.,bill,1
mei@company.example,Priya,"Thanks Hannah, got it!",work,0
jordan@company.example,Grace,"Thanks Mei, got it!",work,0
billing@utility.example,Billing,Your monthly statement is available. No payment is due.,bill,0
notifications@social.example,Social,fatima started following you.,social,0
+15558773310,Mom,haha that's hilarious,personal,0
+18884531350,Unknown,your package is on hold. update your address at tinyurl.com/redeliver711445,scam,0
fatima@company.example,Kofi,"Thanks Sam, got it!",work,0
billing@utility.example,Billing,Thanks for your payment of $923.28. Your balance is $0.00.,bill,0
deals@stylebox.example,FreshCart,URGENT: only hours left! 50% off everything at UrbanThreads. Shop now.,promo,0
billing@utility.example,Billing,Your payment of $1414.80 is past due. Pay by Tuesday to avoid a late fee.,bill,1
alerts@bank.example,Bank Alerts,"Unusual sign-in to your account from a new device. If this wasn't you, secure your account now.",security,1
+15558073738,Uncle Ray,haha that's hilarious,personal,0
grace@company.example,Jordan,"urgent: production dashboard is down, can you take a look asap?",work,1
nina@company.example,Leo,FYI - I updated the contract. No action needed on your end.,work,0
+15559501524,Priya,haha that's hilarious,personal,0
+15559737157,Grace,lol did you see that video omar posted,personal,0
notifications@social.example,Social,Chris started following you.,social,0
+15553420111,Isaac,Can you pick up the kids at 4pm tonight? I'm stuck at work.,personal,1
deals@shopwave.example,FreshCart,your weekly newsletter: 7 stories you missed. view in browser.,promo,0
alerts@bank.example,Bank Alerts,"Unusual sign-in to your account from a new device. If this wasn't you, secure your account now.",security,1
priya@company.example,Leo,Could you review my pull request by Friday? It's blocking the release.,work,1
notifications@social.example,Social,ben commented on your post: 'so cool!',social,0
marcus@company.example,Kofi,"Thanks Rosa, got it!",work,0
+15553072147,Rosa,"hey it's aunt lisa, can you call me friday? need to talk about something.",personal,1
+15557497710,Grace,haha that's hilarious,personal,0
+15552645728,Priya,happy birthday!! hope you have an amazing day 🎉,personal,0
kofi@company.example,Sam,Are you available for a quick call at 9am Monday to go over the SQL query results?,work,1
+15552713652,Rosa,Would you be able to help me move tomorrow? Starting around noon.,personal,1
+15552751972,Chris,lol did you see that video Nina posted,personal,0
billing@utility.example,Billing,Thanks for your payment of $1114.20. Your balance is $0.00.,bill,0
notifications@social.example,Social,Elena commented on your post: 'so cool!',social,0
+15557959577,Chris,elena here - are you still coming to my place tomorrow at 3:15pm? let me know.,personal,1
+15559877069,Mei,"ben says hi, we're watching the game",personal,0
notifications@social.example,Social,Chris commented on your post: 'so cool!',social,0
+15552246292,Priya,Happy birthday!! Hope you have an amazing day 🎉,personal,0
diego@company.example,Elena,FYI - I updated the dashboard link. No action needed on your end.,work,0
chris@company.example,Diego,Quick question - did you get a chance to review the contract? Client is asking Tuesday.,work,1
deals@urbanthreads.example,FreshCart,urbanthreads: your exclusive deal expires tonight. use code save20. unsubscribe.,promo,0
deals@gadgethub.example,HomeNest,your weekly newsletter: 7 stories you missed. view in browser.,promo,0
no-reply@shipping.example,Shipping,Delivery attempt failed - signature required. Reschedule by tomorrow or it will be returned.,delivery,1
billing@utility.example,Billing,final notice: your account balance of $1466.73 is overdue.,bill,1
billing@utility.example,Billing,Your credit card statement is ready. Minimum payment $354.18 due Wednesday.,bill,1
chris@company.example,Rosa,"Hi, can you send me the client proposal before the 2pm meeting Tuesday? Thanks",work,1
+15559757450,Mom,Are we still on for dinner tomorrow? I made a reservation for 10:30am.,personal,1
deals@urbanthreads.example,ShopWave,freshcart: your exclusive deal expires tonight. use code save20. unsubscribe.,promo,0
notifications@social.example,Social,you have 5 new notifications. see what you missed.,social,0
reminders@clinic.example,Reminders,Meeting moved: team sync is now tonight at 3:15pm.,appointment,1
+15558404716,Chris,alex here - are you still coming to my place monday at 10:30am? let me know.,personal,1
+18885208412,Unknown,Your account is suspended! Verify now: bit.ly/verify564190,scam,0
+15557352664,Hannah,haha that's hilarious,personal,0
+15551225596,Kofi,Can you pick up the kids at 6pm Friday? I'm stuck at work.,personal,1
no-reply@shipping.example,Shipping,Your UrbanThreads order was delivered. Enjoy!,delivery,0
isaac@company.example,Taylor,Are you available for a quick call at noon today to go over the onboarding doc?,work,1
notifications@social.example,Social,Mei started following you.,social,0
nina@company.example,Chris,"Hi, can you send me the onboarding doc before the 2pm meeting today? Thanks",work,1
notifications@social.example,Social,Ben started following you.,social,0
deals@homenest.example,FreshCart,urgent: only hours left! 50% off everything at freshcart. shop now.,promo,0
+15553740761,Mom,"grandma is in the hospital, nothing serious but please call when you see this",personal,1
alerts@bank.example,Bank Alerts,Use 876384 as your login code. Don't share it with anyone.,security,0
ben@company.example,Taylor,Weekly digest: 14 updates in your workspace this week.,work,0
alerts@bank.example,Bank Alerts,Use 726148 as your login code. Don't share it with anyone.,security,0
+15553311751,Isaac,Can you pick up the kids at 6pm Thursday? I'm stuck at work.,personal,1
+18883989034,Unknown,Congratulations! You won a $1981.19 gift card. Claim now at bit.ly/claim-175265,scam,0
kofi@company.example,Rosa,Interview request: are you available Wednesday at 3:15pm for a 30 minute phone screen?,work,1
notifications@social.example,Social,Priya liked your photo.,social,0
marcus@company.example,Marcus,"urgent: production dashboard is down, can you take a look asap?",work,1
deals@freshcart.example,StyleBox,your weekly newsletter: 7 stories you missed. view in browser.,promo,0
nina@company.example,Chris,"Thanks Rosa, got it!",work,0
+18884471045,Unknown,irs notice: you owe $2393.45. pay with gift cards immediately to avoid arrest.,scam,0
billing@utility.example,Billing,Rent of $171.19 is due Thursday. Please pay through the resident portal.,bill,1
marcus@company.example,Ben,Are you available for a quick call at 4pm Thursday to go over the onboarding doc?,work,1
mei@company.example,Grace,"Hi, can you send me the contract before the 9am meeting tomorrow? Thanks",work,1
no-reply@shipping.example,Shipping,Delivery attempt failed - signature required. Reschedule by Thursday or it will be returned.,delivery,1
deals@freshcart.example,StyleBox,Don't miss out! Last chance to get $2147.22 off your next order.,promo,0
billing@utility.example,Billing,thanks for your payment of $2369.67. your balance is $0.00.,bill,0
alerts@bank.example,Bank Alerts,your verification code is 228884. it expires in 10 minutes.,security,0
notifications@social.example,Social,Sam sent you a message: 'can you call me back? it's important',social,1
no-reply@shipping.example,Shipping,Out for delivery: your package arrives Monday by noon.,delivery,0
notifications@social.example,Social,Nina commented on your post: 'so cool!',social,0
+15554434368,Grandma,lol did you see that video alex posted,personal,0
mei@company.example,Fatima,fyi - i updated your slides. no action needed on your end.,work,0
alerts@bank.example,Bank Alerts,"unusual sign-in to your account from a new device. if this wasn't you, secure your account now.",security,1
reminders@clinic.example,Reminders,your flight tomorrow has been delayed to noon. check the app for gate info.,appointment,1
notifications@social.example,Social,Kofi liked your photo.,social,0
billing@utility.example,Billing,your credit card statement is ready. minimum payment $1800.67 due wednesday.,bill,1
notifications@social.example,Social,Rosa commented on your post: 'so cool!',social,0
+18887938150,Unknown,your account is suspended! verify now: bit.ly/verify280255,scam,0
billing@utility.example,Billing,Your receipt from GadgetHub: total $1315.65. Thanks for shopping with us!,bill,0
deals@gadgethub.example,UrbanThreads,Your weekly newsletter: 7 stories you missed. View in browser.,promo,0
alerts@bank.example,Bank Alerts,"unusual sign-in to your account from a new device. if this wasn't you, secure your account now.",security,1
+18883488228,Unknown,Your account is suspended! Verify now: bit.ly/verify910100,scam,0
